group,site_id,sws,variable,Year,Season,value,sd_between_sites,n_sites,n_obs
control,0,Gadag,gw_depth_m,2023,2,7.506444444444444,3.128829777692897,9,45
control,0,Gadag,gw_depth_m,2024,1,7.628888888888889,2.8295337268021936,9,9
control,0,Gadag,gw_depth_m,2024,3,9.21,3.1473441184592446,9,18
control,0,Gadag,lai,2023,2,3.4261111111111107,0.3750308629275038,3,6
control,0,Gadag,ssm_pct,2023,1,38.83888889,1.613255279109319,3,6
control,0,Gadag,ssm_pct,2023,2,17.317916666666665,0.7317097316113281,3,24
control,0,Gadag,ssm_pct,2024,1,45.03333333333333,4.040352016622098,3,3
control,0,Gadag,ssm_pct,2024,3,7.446666666666666,0.3154953776734824,3,15
control,0,Hanchinal,lai,2023,1,2.2366666666666664,0.2545584412271574,2,2
control,0,Hanchinal,lai,2023,2,1.8205429292929294,0.04123003933736721,2,23
control,0,Hanchinal,lai,2024,3,1.5366666666666664,,1,1
control,0,Hanchinal,ssm_pct,2023,1,19.18333333,0.9192388155425097,2,2
control,0,Hanchinal,ssm_pct,2023,2,18.190416666527778,10.930706517052524,3,28
control,0,Hanchinal,ssm_pct,2024,3,7.274166666666666,,1,24
control,0,Haralahalli,gw_depth_m,2023,1,15.626666666666667,3.280081299805439,3,3
control,0,Haralahalli,gw_depth_m,2023,2,19.715,3.186311543148284,3,12
control,0,Haralahalli,gw_depth_m,2024,3,45.962222222222216,5.542889672898598,3,9
control,0,Haralahalli,lai,2023,2,3.033333333333333,0.7791234390860884,3,3
control,0,Haralahalli,lai,2023,3,2.84,1.752826289168439,3,3
control,0,Haralahalli,ssm_pct,2023,1,8.6,6.508755641441766,3,3
control,0,Haralahalli,ssm_pct,2023,2,9.988750000000001,5.401016992101534,3,24
control,0,Haralahalli,ssm_pct,2024,1,23.98888888666667,2.0443236694881826,3,3
control,0,Haralahalli,ssm_pct,2024,3,9.793333333333333,3.504133670078495,3,18
control,0,Haralahalli,tdr_rootzone_ec_ds_m,2023,2,1.6448941798941796,0.3208098329814715,3,20
control,0,Haralahalli,tdr_rootzone_ec_ds_m,2023,3,1.308888888888889,0.054806055356171245,3,3
control,0,Haralahalli,tdr_rootzone_ec_ds_m,2024,1,1.45,0.09207484877955419,3,3
control,0,Haralahalli,tdr_rootzone_pct,2023,2,13.153015873015873,5.620453200578596,3,21
control,0,Haralahalli,tdr_rootzone_pct,2023,3,5.996666666666667,2.7221825393933043,3,3
control,0,Haralahalli,tdr_rootzone_pct,2024,1,8.106666666666667,3.5501189338449546,3,3
control,0,Holali (Kembodi),gw_depth_m,2023,1,13.700000000000001,2.971531591620725,3,3
control,0,Holali (Kembodi),gw_depth_m,2023,2,15.209999999999999,7.896068642052196,3,15
control,0,Holali (Kembodi),gw_depth_m,2024,1,21.46666666666667,7.060689295906832,3,3
control,0,Holali (Kembodi),gw_depth_m,2024,3,18.68111111111111,2.7652131389286616,3,9
control,0,Holali (Kembodi),ssm_pct,2023,1,13.733333332333336,9.703836582240152,3,3
control,0,Holali (Kembodi),ssm_pct,2023,2,10.350654159537518,2.6308500414872613,3,64
control,0,Holali (Kembodi),ssm_pct,2024,1,14.161111122499998,1.50352210196191,3,12
control,0,Holali (Kembodi),ssm_pct,2024,3,7.297150999722223,2.3879592899684297,3,38
control,0,Hosahalli,gw_depth_m,2023,1,10.306666666666667,3.4769718626030515,12,24
control,0,Hosahalli,gw_depth_m,2023,2,11.425416666666665,5.273684005742498,12,48
control,0,Hosahalli,gw_depth_m,2024,1,21.1875,10.578368257911993,12,12
control,0,Hosahalli,gw_depth_m,2024,3,17.839583333333334,9.326352316842785,12,24
control,0,Hosahalli,lai,2023,1,4.625555555555556,0.17783679575927439,3,3
control,0,Hosahalli,lai,2023,2,4.607777777777778,0.4810443884962212,3,5
control,0,Hosahalli,ssm_pct,2023,1,14.637777778333332,2.0884240035748034,3,12
control,0,Hosahalli,ssm_pct,2023,2,13.891666666666666,0.45095808424413364,3,12
control,0,Hosahalli,ssm_pct,2024,1,27.728333333333335,1.612965695026815,3,6
control,0,Hosahalli,ssm_pct,2024,3,15.539333333333332,0.8911662770400012,3,15
control,0,ITGI,ssm_pct,2023,1,33.41111111111111,,1,3
control,0,Kandgula,gw_depth_m,2023,1,11.85390625,8.935554681941037,16,64
control,0,Kandgula,gw_depth_m,2023,2,10.637125,7.398021644331678,16,80
control,0,Kandgula,gw_depth_m,2024,3,17.184375,10.12213282449241,16,32
control,0,Kandgula,lai,2023,1,2.454321185185185,0.02375623654681677,3,27
control,0,Kandgula,lai,2023,2,1.560584026352564,0.1457419820033883,3,37
control,0,Kandgula,ssm_pct,2023,1,44.53500055555556,2.954422868063112,3,12
control,0,Kandgula,ssm_pct,2023,2,12.14836601303268,0.760637982175101,3,51
control,0,Kandgula,ssm_pct,2023,3,21.166666666666668,0.6437757546175005,3,3
control,0,Kandgula,ssm_pct,2024,3,12.055555555777778,0.12619796312261217,3,27
control,0,Kohalli,gw_depth_m,2023,1,22.964285714285715,14.858963476783822,14,28
control,0,Kohalli,gw_depth_m,2023,2,35.551785714285714,15.888004861813549,14,56
control,0,Kohalli,gw_depth_m,2024,3,59.66428571428571,18.719369119171198,14,14
control,0,Kohalli,lai,2023,1,3.6633333333333336,,1,1
control,0,Kohalli,lai,2023,2,2.378185185185185,0.4897709509169975,3,11
control,0,Kohalli,lai,2023,3,2.436666666666667,0.43247350593225176,3,3
control,0,Kohalli,ssm_pct,2023,1,17.06111111,6.525853144288804,3,6
control,0,Kohalli,ssm_pct,2023,2,13.436296296044445,7.875607704793047,3,16
control,0,Kohalli,ssm_pct,2023,3,31.966666666666665,14.521516602725148,3,3
control,0,Kohalli,ssm_pct,2024,3,4.977777777666667,1.56252407376536,3,3
control,0,Laxmisagara 4U,gw_depth_m,2023,1,15.99,6.804211930855771,3,3
control,0,Laxmisagara 4U,gw_depth_m,2023,2,14.530000000000001,6.193318980966507,3,15
control,0,Laxmisagara 4U,gw_depth_m,2024,3,28.87111111111111,6.673863892773003,3,9
control,0,Laxmisagara 4U,lai,2023,2,2.205,,1,2
control,0,Laxmisagara 4U,lai,2023,3,3.2199999999999998,,1,2
control,0,Laxmisagara 4U,ssm_pct,2023,1,28.543333333333333,5.458803287656859,3,3
control,0,Laxmisagara 4U,ssm_pct,2023,2,14.585000000041667,0.16835756838744498,3,24
control,0,Laxmisagara 4U,ssm_pct,2024,3,7.6728571428571435,2.0603302572784097,3,21
control,0,Laxmisagara 4U,tdr_rootzone_ec_ds_m,2023,1,0.9977777777777778,0.4128805764023907,3,3
control,0,Laxmisagara 4U,tdr_rootzone_ec_ds_m,2023,2,1.5514814814814815,0.08534847473691433,3,29
control,0,Laxmisagara 4U,tdr_rootzone_ec_ds_m,2024,1,1.5566666666666666,,1,1
control,0,Laxmisagara 4U,tdr_rootzone_ec_ds_m,2024,3,1.5039814814814816,0.15436856982492989,3,16
control,0,Laxmisagara 4U,tdr_rootzone_pct,2023,1,8.449999999999998,2.911431492124334,3,3
control,0,Laxmisagara 4U,tdr_rootzone_pct,2023,2,8.815530864197532,1.146013964113969,3,29
control,0,Laxmisagara 4U,tdr_rootzone_pct,2024,1,4.636666666666667,,1,1
control,0,Laxmisagara 4U,tdr_rootzone_pct,2024,3,6.4339814814814815,1.111433992438293,3,16
control,0,Mattikote,gw_depth_m,2023,1,23.53333333333333,2.110126378521753,3,3
control,0,Mattikote,gw_depth_m,2023,2,21.98466666666667,1.5432554335991624,3,15
control,0,Mattikote,gw_depth_m,2024,3,31.47333333333333,1.4318325476271456,3,9
control,0,Mattikote,lai,2023,2,5.104166666666667,0.945054010802205,3,6
control,0,Mattikote,lai,2023,3,5.44,0.2835489375751564,3,3
control,0,Mattikote,lai,2024,3,5.0649999999999995,,1,2
control,0,Mattikote,ssm_pct,2023,1,12.066666666666668,3.2795172408958813,3,3
control,0,Mattikote,ssm_pct,2023,2,11.963333333222224,6.242018343590493,3,27
control,0,Mattikote,ssm_pct,2024,1,26.877777776666665,1.7134543864715288,3,3
control,0,Mattikote,ssm_pct,2024,3,15.556111111111113,3.854949680221135,3,18
control,0,Nagagondanahalli,gw_depth_m,2023,1,17.02,13.514318332790596,3,3
control,0,Nagagondanahalli,gw_depth_m,2023,2,14.608333333333333,8.659009157134165,3,12
control,0,Nagagondanahalli,gw_depth_m,2024,3,20.754444444444445,9.86096475634742,3,9
control,0,Nagagondanahalli,lai,2023,2,3.0666666666666664,0.23544284515213731,3,4
control,0,Nagagondanahalli,ssm_pct,2023,2,3.0787654321000004,1.1499925647609106,3,27
control,0,Nagagondanahalli,ssm_pct,2024,3,2.9149999999999996,0.752242942435783,3,18
control,0,Narayanghatta (Annapura),gw_depth_m,2024,1,29.136666666666667,4.089747343459415,3,3
control,0,Narayanghatta (Annapura),gw_depth_m,2024,3,33.07666666666666,11.826924085886969,3,3
control,0,Virupasandra,gw_depth_m,2023,1,16.244444444444444,3.1765343332585547,3,9
control,0,Virupasandra,gw_depth_m,2023,2,14.713333333333333,3.325798149818074,3,15
control,0,Virupasandra,gw_depth_m,2024,1,22.433333333333334,1.5502687938977984,3,3
control,0,Virupasandra,gw_depth_m,2024,3,19.62222222222222,1.7276616609784519,3,9
control,0,Virupasandra,ssm_pct,2023,1,13.933851777777777,6.250426032069034,3,9
control,0,Virupasandra,ssm_pct,2023,2,11.212882205513786,6.074303454359015,3,61
control,0,Virupasandra,ssm_pct,2024,1,18.910833333333333,5.219773302867981,3,12
control,0,Virupasandra,ssm_pct,2024,3,13.414102564102564,6.719640748944233,3,39
programme,1,Artal,gw_depth_m,2023,1,21.01078947368421,15.064205898748401,38,76
programme,1,Artal,gw_depth_m,2023,2,27.929999999999996,13.808469382563336,38,152
programme,1,Artal,gw_depth_m,2024,3,47.963157894736845,18.107881232522818,38,38
programme,2,Beguru,gw_depth_m,2023,1,23.57875,3.048027172263584,8,8
programme,2,Beguru,gw_depth_m,2023,2,22.1625,3.976110913945938,8,40
programme,2,Beguru,gw_depth_m,2024,3,30.53,5.519985334694115,8,24
programme,2,Beguru,lai,2023,2,4.3933333333125,0.7947488085788262,4,23
programme,2,Beguru,lai,2023,3,4.4229166666666675,1.1357575176457737,4,9
programme,2,Beguru,lai,2024,3,4.958333333166667,0.09192388178995306,2,4
programme,2,Beguru,ssm_pct,2023,1,11.753333333333334,5.600241066239917,9,9
programme,2,Beguru,ssm_pct,2023,2,12.482674897111112,3.4146515576251484,9,81
programme,2,Beguru,ssm_pct,2024,1,33.08148148111111,5.229353878594466,9,9
programme,2,Beguru,ssm_pct,2024,3,15.437592592592592,4.1925526822959736,9,54
programme,2,Beguru,tdr_rootzone_ec_ds_m,2023,2,1.69875,0.1836970823272801,7,28
programme,2,Beguru,tdr_rootzone_ec_ds_m,2023,3,1.3033333333333332,0.2136084535512849,8,8
programme,2,Beguru,tdr_rootzone_pct,2023,2,12.394940476190476,1.9031775395437518,7,28
programme,2,Beguru,tdr_rootzone_pct,2023,3,8.492916666666666,3.501161456948115,8,8
programme,3,Chhatrakodihalli,gw_depth_m,2023,1,10.05,6.155311295365747,8,16
programme,3,Chhatrakodihalli,gw_depth_m,2023,2,10.92711111111111,7.892137613543691,9,44
programme,3,Chhatrakodihalli,gw_depth_m,2024,1,13.033333333333333,5.138336306626882,9,9
programme,3,Chhatrakodihalli,gw_depth_m,2024,3,15.133333333333333,7.887859870290123,9,27
programme,3,Chhatrakodihalli,ssm_pct,2023,1,13.0574065,6.4098831820528,9,18
programme,3,Chhatrakodihalli,ssm_pct,2023,2,12.509144619743388,1.435575084661324,9,188
programme,3,Chhatrakodihalli,ssm_pct,2024,1,14.316481486222223,1.2227290442840952,9,37
programme,3,Chhatrakodihalli,ssm_pct,2024,3,10.774643864957264,1.452172212722964,9,117
programme,4,Chittharagi,ssm_pct,2023,1,23.378333333333334,10.336071626428806,6,6
programme,4,Chittharagi,tdr_rootzone_ec_ds_m,2023,1,1.76,,1,1
programme,4,Chittharagi,tdr_rootzone_pct,2023,1,10.5,,1,1
programme,5,Doddenahalli,gw_depth_m,2023,1,9.623125,3.68916070352439,8,16
programme,5,Doddenahalli,gw_depth_m,2023,2,22.19355555555556,26.32306911774875,9,45
programme,5,Doddenahalli,gw_depth_m,2024,1,35.22333333333333,25.019600816160118,9,9
programme,5,Doddenahalli,gw_depth_m,2024,3,31.007777777777775,26.405686308907867,9,27
programme,5,Doddenahalli,ssm_pct,2023,1,10.309444444444445,5.944769468009485,9,18
programme,5,Doddenahalli,ssm_pct,2023,2,7.170533429533429,2.334682049823127,9,189
programme,5,Doddenahalli,ssm_pct,2024,1,8.917013888888889,3.78606085717545,9,48
programme,5,Doddenahalli,ssm_pct,2024,3,5.870792181111111,2.079483646016286,9,114
programme,6,Gummlapalli,gw_depth_m,2023,1,11.535,5.1955774462517645,9,18
programme,6,Gummlapalli,gw_depth_m,2023,2,12.144444444444444,6.7470274771767285,9,45
programme,6,Gummlapalli,gw_depth_m,2024,1,19.255555555555556,5.519309538137699,9,9
programme,6,Gummlapalli,gw_depth_m,2024,3,35.674814814814816,23.633148571863064,9,27
programme,6,Gummlapalli,lai,2023,2,2.7226665999999997,,1,10
programme,6,Gummlapalli,lai,2024,3,2.5495079046666667,,1,21
programme,6,Gummlapalli,ssm_pct,2023,1,2.8922222222222222,1.723851268075191,9,15
programme,6,Gummlapalli,ssm_pct,2023,2,3.246883167887038,1.2847206454685753,9,163
programme,6,Gummlapalli,ssm_pct,2024,1,16.981111111111108,6.340381508522268,9,36
programme,6,Gummlapalli,ssm_pct,2024,3,10.388846801346801,4.037572244066793,9,97
programme,6,Gummlapalli,tdr_rootzone_ec_ds_m,2024,1,1.25,,1,1
programme,6,Gummlapalli,tdr_rootzone_ec_ds_m,2024,3,1.254,,1,5
programme,6,Gummlapalli,tdr_rootzone_pct,2024,1,8.69,,1,1
programme,6,Gummlapalli,tdr_rootzone_pct,2024,3,3.0233333333333334,,1,3
programme,7,Haligeri,gw_depth_m,2023,1,6.070714285714286,2.4189840979084725,14,14
programme,8,Honnutagi,ssm_pct,2023,1,24.94674908424908,7.0020348280219356,3,39
programme,8,Honnutagi,tdr_rootzone_ec_ds_m,2023,1,1.5041666666666667,,1,12
programme,8,Honnutagi,tdr_rootzone_pct,2023,1,12.618333333333332,,1,12
programme,9,Hunasehadagi,gw_depth_m,2023,1,11.546145833333334,9.695747380999181,48,49
programme,9,Hunasehadagi,gw_depth_m,2023,2,11.242222222222223,7.100639371717134,27,27
programme,9,Hunasehadagi,gw_depth_m,2023,3,12.4375,8.398968899301186,8,8
programme,9,Hunasehadagi,lai,2023,1,1.5724679487179487,,1,39
programme,9,Hunasehadagi,soil_temp_c,2023,1,29.971425406390843,0.5576114117447988,7,291
programme,9,Hunasehadagi,ssm_pct,2023,1,39.31190476190476,6.217573022145722,7,9
programme,9,Hunasehadagi,ssm_pct,2023,2,33.047222222222224,6.03986218263175,6,16
programme,9,Hunasehadagi,tdr_rootzone_ec_ds_m,2023,1,3.5522916666666666,0.5449843353020688,24,42
programme,9,Hunasehadagi,tdr_rootzone_ec_ds_m,2023,2,3.1070370370370366,0.8449085411995854,18,18
programme,9,Hunasehadagi,tdr_rootzone_pct,2023,1,34.634861111111114,8.740747971463547,24,42
programme,9,Hunasehadagi,tdr_rootzone_pct,2023,2,11.31337037037037,3.6568922874000656,21,53
programme,10,Jammapur,gw_depth_m,2023,1,21.818749999999998,16.55039269063685,8,8
programme,10,Jammapur,gw_depth_m,2023,2,18.71275,15.913341929247384,8,40
programme,10,Jammapur,gw_depth_m,2024,3,29.536666666666665,19.780694693050656,8,24
programme,10,Jammapur,lai,2023,2,3.066875,0.8390554585365617,4,8
programme,10,Jammapur,lai,2023,3,2.491875,0.20157065551976228,4,8
programme,10,Jammapur,ssm_pct,2023,1,23.464444444444446,8.256179672086708,9,9
programme,10,Jammapur,ssm_pct,2023,2,11.218009259305555,5.210205254464189,9,72
programme,10,Jammapur,ssm_pct,2024,3,7.281957671904761,2.0495621101702697,9,63
programme,10,Jammapur,tdr_rootzone_ec_ds_m,2023,1,1.2144444444444444,0.30817676204844957,9,11
programme,10,Jammapur,tdr_rootzone_ec_ds_m,2023,2,1.6080092592592594,0.27214184045670087,9,67
programme,10,Jammapur,tdr_rootzone_ec_ds_m,2024,1,1.5066666666666666,,1,1
programme,10,Jammapur,tdr_rootzone_ec_ds_m,2024,3,1.6900000000000002,0.26882896485624264,6,36
programme,10,Jammapur,tdr_rootzone_pct,2023,1,10.459444444444445,3.164664059755965,9,11
programme,10,Jammapur,tdr_rootzone_pct,2023,2,10.843212962962964,2.8831448761602347,9,67
programme,10,Jammapur,tdr_rootzone_pct,2024,1,33.416666666666664,,1,1
programme,10,Jammapur,tdr_rootzone_pct,2024,3,9.137407407407407,2.723807694002912,6,36
programme,11,Jantapur,gw_depth_m,2023,1,7.27,3.3362613806475054,11,11
programme,11,Jantapur,gw_depth_m,2023,2,7.1863636363636365,3.6657830615770832,11,11
programme,11,Jantapur,ssm_pct,2023,1,1.5,,1,6
programme,11,Jantapur,ssm_pct,2023,2,1.5,,1,6
programme,12,Kodihalli,gw_depth_m,2023,1,8.488589743589744,3.0664096845621023,39,80
programme,12,Kodihalli,gw_depth_m,2023,2,9.565448717948717,3.837966407101264,39,160
programme,12,Kodihalli,gw_depth_m,2024,1,12.478205128205127,7.65871360360722,39,40
programme,12,Kodihalli,gw_depth_m,2024,3,14.500384615384615,8.496649833952775,39,80
programme,12,Kodihalli,lai,2023,1,5.249666666666667,0.3476236790298125,5,8
programme,12,Kodihalli,lai,2023,2,5.316666666666666,0.3382224777338794,5,12
programme,12,Kodihalli,ssm_pct,2023,1,17.98146296266667,1.7831211549291217,9,40
programme,12,Kodihalli,ssm_pct,2023,2,15.315370370000002,1.9691733282599473,9,36
programme,12,Kodihalli,ssm_pct,2024,1,29.68333333333333,1.3002956394605036,9,18
programme,12,Kodihalli,ssm_pct,2024,3,13.737333333333334,1.6076028738466481,9,45
programme,13,Koranahalli,gw_depth_m,2023,1,16.785555555555554,4.024258040655169,9,9
programme,13,Koranahalli,gw_depth_m,2023,2,19.664722222222224,1.7637501968658835,9,36
programme,13,Koranahalli,gw_depth_m,2024,3,44.32888888888889,7.128545706445945,9,27
programme,13,Koranahalli,lai,2023,2,2.52,0.8872358761907682,5,8
programme,13,Koranahalli,lai,2023,3,3.28,0.6452228297262891,5,8
programme,13,Koranahalli,ssm_pct,2023,1,12.746666666666666,4.860475799754587,9,9
programme,13,Koranahalli,ssm_pct,2023,2,9.004120370319445,3.105153209007904,9,72
programme,13,Koranahalli,ssm_pct,2024,1,21.577777778555557,5.35114214255367,9,9
programme,13,Koranahalli,ssm_pct,2024,3,7.2011111111111115,2.2183179939364472,9,54
programme,13,Koranahalli,tdr_rootzone_ec_ds_m,2023,1,1.31,,1,1
programme,13,Koranahalli,tdr_rootzone_ec_ds_m,2023,2,1.4849911816578483,0.18654115055676052,9,59
programme,13,Koranahalli,tdr_rootzone_ec_ds_m,2023,3,1.4541666666666666,0.42473427734197117,8,8
programme,13,Koranahalli,tdr_rootzone_ec_ds_m,2024,1,1.6003703703703702,0.16729418901746806,9,9
programme,13,Koranahalli,tdr_rootzone_pct,2023,1,4.013333333333333,,1,1
programme,13,Koranahalli,tdr_rootzone_pct,2023,2,11.306790123456791,3.398037215952594,9,59
programme,13,Koranahalli,tdr_rootzone_pct,2023,3,12.1175,6.766278372626493,8,8
programme,13,Koranahalli,tdr_rootzone_pct,2024,1,9.954444444444444,3.6765386045995925,9,9
programme,14,Kyatagondanahalli,gw_depth_m,2023,1,11.834444444444445,4.722462575582549,9,9
programme,14,Kyatagondanahalli,gw_depth_m,2023,2,15.547222222222224,5.768185839754509,9,36
programme,14,Kyatagondanahalli,gw_depth_m,2024,3,21.82148148148148,7.879945909133144,9,27
programme,14,Kyatagondanahalli,lai,2023,2,2.353263888888889,0.5705671165522429,6,22
programme,14,Kyatagondanahalli,ssm_pct,2023,1,4.378888888888889,2.895692682435605,9,9
programme,14,Kyatagondanahalli,ssm_pct,2023,2,4.692314814815278,2.804776015011195,9,72
programme,14,Kyatagondanahalli,ssm_pct,2024,3,3.7401851851851853,2.595951768893204,9,54
programme,15,Maidalakere,gw_depth_m,2023,1,11.961481481481481,6.988143949876642,9,27
programme,15,Maidalakere,gw_depth_m,2023,2,12.54,7.408272403199008,9,45
programme,15,Maidalakere,gw_depth_m,2024,1,18.12222222222222,7.84789426817439,9,9
programme,15,Maidalakere,gw_depth_m,2024,3,15.89962962962963,7.928035774046929,9,27
programme,15,Maidalakere,ssm_pct,2023,1,15.496295444444444,6.550295245239942,9,27
programme,15,Maidalakere,ssm_pct,2023,2,9.707136730715678,6.09282604003879,9,186
programme,15,Maidalakere,ssm_pct,2024,1,17.12027777777778,8.261128521239966,9,36
programme,15,Maidalakere,ssm_pct,2024,3,10.842604463437798,6.759889352804722,9,112
programme,15,Maidalakere,tdr_rootzone_ec_ds_m,2023,2,2.0730769230769233,0.5998188829202464,3,39
programme,15,Maidalakere,tdr_rootzone_ec_ds_m,2024,3,1.9438333333333333,0.5220614054985404,3,18
programme,15,Maidalakere,tdr_rootzone_pct,2023,2,17.592692307692307,7.283266699535867,3,39
programme,15,Maidalakere,tdr_rootzone_pct,2024,3,14.913611111111111,6.690285781832686,3,18
programme,17,Murlapura,gw_depth_m,2023,1,7.623181818181819,4.78985474117519,22,22
programme,17,Murlapura,gw_depth_m,2023,2,7.544090909090909,4.499762595950304,22,22
programme,18,Nilgund,gw_depth_m,2023,1,8.956190476190477,4.260470016548029,21,21
programme,18,Nilgund,gw_depth_m,2023,2,10.680190476190475,4.377164054716794,21,105
programme,18,Nilgund,gw_depth_m,2024,1,11.073333333333332,3.8689822089708983,21,21
programme,18,Nilgund,gw_depth_m,2024,3,12.546349206349207,4.551399895119193,21,63
programme,18,Nilgund,lai,2023,1,2.6646944444444443,0.5981777552298748,6,10
programme,18,Nilgund,lai,2023,2,3.582933333333333,0.4807280011722961,5,13
programme,18,Nilgund,ssm_pct,2023,1,30.55827202088889,1.428294522976166,9,45
programme,18,Nilgund,ssm_pct,2023,2,19.107777777777777,1.304973733239273,9,45
programme,18,Nilgund,ssm_pct,2024,1,21.381666666666668,2.495364452339576,9,18
programme,18,Nilgund,ssm_pct,2024,3,6.965185185177777,0.4402640341562544,9,45
programme,19,Pashapur,gw_depth_m,2023,1,3.4231166666666666,5.3442003150224595,50,209
programme,19,Pashapur,gw_depth_m,2023,2,6.134406666666666,9.177930993230879,50,252
programme,19,Pashapur,gw_depth_m,2024,3,7.214739583333333,7.932093178435221,48,97
programme,19,Pashapur,lai,2023,1,2.523492476190476,0.06785693738247302,7,63
programme,19,Pashapur,lai,2023,2,1.681096978137307,0.2190945131411392,7,75
programme,19,Pashapur,ssm_pct,2023,1,43.645185777777776,2.0619154060558476,9,45
programme,19,Pashapur,ssm_pct,2023,2,12.181439793442795,1.112243708580594,9,183
programme,19,Pashapur,ssm_pct,2023,3,19.18888888888889,3.4133329101570387,9,9
programme,19,Pashapur,ssm_pct,2024,3,11.479423868296296,1.017032773273039,9,81
programme,19,Pashapur,tdr_rootzone_ec_ds_m,2023,1,2.1558333333333333,0.474759076327726,9,54
programme,19,Pashapur,tdr_rootzone_ec_ds_m,2023,2,2.2039788359788357,0.48840402260015536,9,189
programme,19,Pashapur,tdr_rootzone_ec_ds_m,2024,3,1.9008333333333336,0.4450469076400825,9,90
programme,19,Pashapur,tdr_rootzone_pct,2023,1,41.68398148148148,8.979082093354394,9,54
programme,19,Pashapur,tdr_rootzone_pct,2023,2,17.712539682539685,5.250145194245355,9,189
programme,19,Pashapur,tdr_rootzone_pct,2024,3,12.955111111111112,2.798275526750558,9,90
programme,20,Sirur,gw_depth_m,2023,1,14.354375000000001,11.075735622672354,16,16
programme,20,Sirur,gw_depth_m,2023,2,10.269875,4.572043771662734,16,80
programme,20,Sirur,gw_depth_m,2024,3,12.5471875,3.312181205833669,16,47
programme,20,Sirur,lai,2023,1,2.261944444444444,0.4930206403913044,6,8
programme,20,Sirur,lai,2023,2,2.0652109053497942,0.27275897907829755,6,80
programme,20,Sirur,lai,2024,3,2.022314814814815,0.597816026932712,6,9
programme,20,Sirur,ssm_pct,2023,1,36.00138888888889,1.430280846061746,9,36
programme,20,Sirur,ssm_pct,2023,2,31.38444444444444,3.661154568954685,9,9
