institution,sws_name,sws_role,mws_name,bm_site_no,latitude,longitude,pixel_id,Year,Season,measured_yield_or_income,n_visits,crop,measured_variable,survey_source,pixel_id_note
UAHS,Beguru,unlabelled,Dabbanabairanahalli,,14.291134,75.412213,010429113025541221,2023,2,3.8336111110833335,12,maize,ground_LAI_seasonal_mean_NOT_yield,benchmark_sites_UAHS,formula id of the site median coordinate; replace with pixel_id_nearest from _ground_common.snap_to_panel_pixels before merging
UAHS,Beguru,unlabelled,Dabbanabairanahalli,,14.291134,75.412213,010429113025541221,2023,3,5.425000000000001,4,maize,ground_LAI_seasonal_mean_NOT_yield,benchmark_sites_UAHS,formula id of the site median coordinate; replace with pixel_id_nearest from _ground_common.snap_to_panel_pixels before merging
UAHS,Beguru,unlabelled,Dabbanabairanahalli,,14.291134,75.412213,010429113025541221,2024,3,5.023333333333333,3,maize,ground_LAI_seasonal_mean_NOT_yield,benchmark_sites_UAHS,formula id of the site median coordinate; replace with pixel_id_nearest from _ground_common.snap_to_panel_pixels before merging
UAHS,Beguru,unlabelled,Gogga,,14.263854,75.472121,010426385025547212,2023,2,4.3172222221666665,6,maize,ground_LAI_seasonal_mean_NOT_yield,benchmark_sites_UAHS,formula id of the site median coordinate; replace with pixel_id_nearest from _ground_common.snap_to_panel_pixels before merging
UAHS,Beguru,unlabelled,Gogga,,14.263854,75.472121,010426385025547212,2023,3,3.9166666666666665,3,maize,ground_LAI_seasonal_mean_NOT_yield,benchmark_sites_UAHS,formula id of the site median coordinate; replace with pixel_id_nearest from _ground_common.snap_to_panel_pixels before merging
UAHS,Beguru,unlabelled,Hulaganakatte1,,14.263318,75.463906,010426332025546391,2023,2,5.54,1,maize,ground_LAI_seasonal_mean_NOT_yield,benchmark_sites_UAHS,formula id of the site median coordinate; replace with pixel_id_nearest from _ground_common.snap_to_panel_pixels before merging
UAHS,Beguru,unlabelled,Hulaganakatte1,,14.263318,75.463906,010426332025546391,2023,3,5.29,1,maize,ground_LAI_seasonal_mean_NOT_yield,benchmark_sites_UAHS,formula id of the site median coordinate; replace with pixel_id_nearest from _ground_common.snap_to_panel_pixels before merging
UAHS,Beguru,unlabelled,Kenchagondanakoppa,,14.26068,75.423193,010426068025542319,2023,2,3.8825000000000003,4,maize,ground_LAI_seasonal_mean_NOT_yield,benchmark_sites_UAHS,formula id of the site median coordinate; replace with pixel_id_nearest from _ground_common.snap_to_panel_pixels before merging
UAHS,Beguru,unlabelled,Kenchagondanakoppa,,14.26068,75.423193,010426068025542319,2023,3,3.06,1,maize,ground_LAI_seasonal_mean_NOT_yield,benchmark_sites_UAHS,formula id of the site median coordinate; replace with pixel_id_nearest from _ground_common.snap_to_panel_pixels before merging
UAHS,Beguru,unlabelled,Kenchagondanakoppa,,14.26068,75.423193,010426068025542319,2024,3,4.893333333,1,maize,ground_LAI_seasonal_mean_NOT_yield,benchmark_sites_UAHS,formula id of the site median coordinate; replace with pixel_id_nearest from _ground_common.snap_to_panel_pixels before merging
UAHS,Haralahalli,unlabelled,Donduru,,13.866274,76.026893,010386627025602689,2023,2,3.91,1,finger_millet,ground_LAI_seasonal_mean_NOT_yield,benchmark_sites_UAHS,formula id of the site median coordinate; replace with pixel_id_nearest from _ground_common.snap_to_panel_pixels before merging
UAHS,Haralahalli,unlabelled,Donduru,,13.866274,76.026893,010386627025602689,2023,3,3.74,1,finger_millet,ground_LAI_seasonal_mean_NOT_yield,benchmark_sites_UAHS,formula id of the site median coordinate; replace with pixel_id_nearest from _ground_common.snap_to_panel_pixels before merging
UAHS,Haralahalli,unlabelled,Gijikatte,,13.82923,75.023298,010382923025502330,2023,2,2.77,1,onion,ground_LAI_seasonal_mean_NOT_yield,benchmark_sites_UAHS,formula id of the site median coordinate; replace with pixel_id_nearest from _ground_common.snap_to_panel_pixels before merging
UAHS,Haralahalli,unlabelled,Gijikatte,,13.82923,75.023298,010382923025502330,2023,3,3.96,1,onion,ground_LAI_seasonal_mean_NOT_yield,benchmark_sites_UAHS,formula id of the site median coordinate; replace with pixel_id_nearest from _ground_common.snap_to_panel_pixels before merging
UAHS,Haralahalli,unlabelled,Karehalli,,13.849931,76.06558,010384993025606558,2023,2,2.42,1,finger_millet,ground_LAI_seasonal_mean_NOT_yield,benchmark_sites_UAHS,formula id of the site median coordinate; replace with pixel_id_nearest from _ground_common.snap_to_panel_pixels before merging
UAHS,Haralahalli,unlabelled,Karehalli,,13.849931,76.06558,010384993025606558,2023,3,0.82,1,finger_millet,ground_LAI_seasonal_mean_NOT_yield,benchmark_sites_UAHS,formula id of the site median coordinate; replace with pixel_id_nearest from _ground_common.snap_to_panel_pixels before merging
UAHS,Jammapura,unlabelled,Jammapur2,,13.91454,75.993658,010391454025599366,2023,2,3.64,1,finger_millet,ground_LAI_seasonal_mean_NOT_yield,benchmark_sites_UAHS,formula id of the site median coordinate; replace with pixel_id_nearest from _ground_common.snap_to_panel_pixels before merging
UAHS,Jammapura,unlabelled,Jammapur2,,13.91454,75.993658,010391454025599366,2023,3,2.19,1,finger_millet,ground_LAI_seasonal_mean_NOT_yield,benchmark_sites_UAHS,formula id of the site median coordinate; replace with pixel_id_nearest from _ground_common.snap_to_panel_pixels before merging
UAHS,Jammapura,unlabelled,Kallikere,,13.897323,75.98144400000001,010389732025598144,2023,2,3.8649999999999998,2,finger_millet,ground_LAI_seasonal_mean_NOT_yield,benchmark_sites_UAHS,formula id of the site median coordinate; replace with pixel_id_nearest from _ground_common.snap_to_panel_pixels before merging
UAHS,Jammapura,unlabelled,Kallikere,,13.897323,75.98144400000001,010389732025598144,2023,3,2.58,2,finger_millet,ground_LAI_seasonal_mean_NOT_yield,benchmark_sites_UAHS,formula id of the site median coordinate; replace with pixel_id_nearest from _ground_common.snap_to_panel_pixels before merging
UAHS,Jammapura,unlabelled,Maravanji2,,13.942465,75.976404,010394246025597640,2023,2,2.06,1,maize,ground_LAI_seasonal_mean_NOT_yield,benchmark_sites_UAHS,formula id of the site median coordinate; replace with pixel_id_nearest from _ground_common.snap_to_panel_pixels before merging
UAHS,Jammapura,unlabelled,Maravanji2,,13.942465,75.976404,010394246025597640,2023,3,2.59,1,maize,ground_LAI_seasonal_mean_NOT_yield,benchmark_sites_UAHS,formula id of the site median coordinate; replace with pixel_id_nearest from _ground_common.snap_to_panel_pixels before merging
UAHS,Jammapura,unlabelled,Pandavamatti1,,13.9632795,75.972009,010396328025597201,2023,2,2.7025,4,maize,ground_LAI_seasonal_mean_NOT_yield,benchmark_sites_UAHS,formula id of the site median coordinate; replace with pixel_id_nearest from _ground_common.snap_to_panel_pixels before merging
UAHS,Jammapura,unlabelled,Pandavamatti1,,13.9632795,75.972009,010396328025597201,2023,3,2.6075,4,maize,ground_LAI_seasonal_mean_NOT_yield,benchmark_sites_UAHS,formula id of the site median coordinate; replace with pixel_id_nearest from _ground_common.snap_to_panel_pixels before merging
UAHS,Koranahalli,unlabelled,Chatnahalli-2,,13.680874500000002,75.9035385,010368087025590354,2023,2,2.655,2,finger_millet,ground_LAI_seasonal_mean_NOT_yield,benchmark_sites_UAHS,formula id of the site median coordinate; replace with pixel_id_nearest from _ground_common.snap_to_panel_pixels before merging
UAHS,Koranahalli,unlabelled,Chatnahalli-2,,13.680874500000002,75.9035385,010368087025590354,2023,3,2.565,2,finger_millet,ground_LAI_seasonal_mean_NOT_yield,benchmark_sites_UAHS,formula id of the site median coordinate; replace with pixel_id_nearest from _ground_common.snap_to_panel_pixels before merging
UAHS,Koranahalli,unlabelled,Gollarahalli,,13.673428,75.97357,010367343025597357,2023,2,1.65,1,maize,ground_LAI_seasonal_mean_NOT_yield,benchmark_sites_UAHS,formula id of the site median coordinate; replace with pixel_id_nearest from _ground_common.snap_to_panel_pixels before merging
UAHS,Koranahalli,unlabelled,Gollarahalli,,13.673428,75.97357,010367343025597357,2023,3,3.4,1,maize,ground_LAI_seasonal_mean_NOT_yield,benchmark_sites_UAHS,formula id of the site median coordinate; replace with pixel_id_nearest from _ground_common.snap_to_panel_pixels before merging
UAHS,Koranahalli,unlabelled,Jodi Bokikere,,13.692221,75.911212,010369222025591121,2023,2,1.84,1,finger_millet,ground_LAI_seasonal_mean_NOT_yield,benchmark_sites_UAHS,formula id of the site median coordinate; replace with pixel_id_nearest from _ground_common.snap_to_panel_pixels before merging
UAHS,Koranahalli,unlabelled,Jodi Bokikere,,13.692221,75.911212,010369222025591121,2023,3,3.86,1,finger_millet,ground_LAI_seasonal_mean_NOT_yield,benchmark_sites_UAHS,formula id of the site median coordinate; replace with pixel_id_nearest from _ground_common.snap_to_panel_pixels before merging
UAHS,Koranahalli,unlabelled,Koranahalli,,13.688118,75.920687,010368812025592069,2023,2,2.92,2,finger_millet,ground_LAI_seasonal_mean_NOT_yield,benchmark_sites_UAHS,formula id of the site median coordinate; replace with pixel_id_nearest from _ground_common.snap_to_panel_pixels before merging
UAHS,Koranahalli,unlabelled,Koranahalli,,13.688118,75.920687,010368812025592069,2023,3,3.0700000000000003,2,finger_millet,ground_LAI_seasonal_mean_NOT_yield,benchmark_sites_UAHS,formula id of the site median coordinate; replace with pixel_id_nearest from _ground_common.snap_to_panel_pixels before merging
UAHS,Koranahalli,unlabelled,Makanahalli,,13.701053,75.934223,010370105025593422,2023,2,1.4749999999999999,2,finger_millet,ground_LAI_seasonal_mean_NOT_yield,benchmark_sites_UAHS,formula id of the site median coordinate; replace with pixel_id_nearest from _ground_common.snap_to_panel_pixels before merging
UAHS,Koranahalli,unlabelled,Makanahalli,,13.701053,75.934223,010370105025593422,2023,3,2.855,2,finger_millet,ground_LAI_seasonal_mean_NOT_yield,benchmark_sites_UAHS,formula id of the site median coordinate; replace with pixel_id_nearest from _ground_common.snap_to_panel_pixels before merging
UAHS,Koranahalli,unlabelled,Rajanahalli-2,,13.684247,75.896918,010368425025589692,2023,2,3.71,1,finger_millet,ground_LAI_seasonal_mean_NOT_yield,benchmark_sites_UAHS,formula id of the site median coordinate; replace with pixel_id_nearest from _ground_common.snap_to_panel_pixels before merging
UAHS,Koranahalli,unlabelled,Rajanahalli-2,,13.684247,75.896918,010368425025589692,2023,3,4.05,1,finger_millet,ground_LAI_seasonal_mean_NOT_yield,benchmark_sites_UAHS,formula id of the site median coordinate; replace with pixel_id_nearest from _ground_common.snap_to_panel_pixels before merging
UAHS,Kytagondanahalli,unlabelled,Kasturitimmanahalli1,,14.2782895,76.7313645,010427829025673136,2023,2,1.88375,8,pigeon_pea,ground_LAI_seasonal_mean_NOT_yield,benchmark_sites_UAHS,formula id of the site median coordinate; replace with pixel_id_nearest from _ground_common.snap_to_panel_pixels before merging
UAHS,Kytagondanahalli,unlabelled,Kasturitimmanahalli2,,14.306506,76.753113,010430651025675311,2023,2,2.48,1,groundnut,ground_LAI_seasonal_mean_NOT_yield,benchmark_sites_UAHS,formula id of the site median coordinate; replace with pixel_id_nearest from _ground_common.snap_to_panel_pixels before merging
UAHS,Kytagondanahalli,unlabelled,Kyatagondanahalli2,,14.387161,76.808913,010438716025680891,2023,2,3.02,1,groundnut,ground_LAI_seasonal_mean_NOT_yield,benchmark_sites_UAHS,formula id of the site median coordinate; replace with pixel_id_nearest from _ground_common.snap_to_panel_pixels before merging
UAHS,Kytagondanahalli,unlabelled,Kyatagondanahalli3,,14.3033265,76.757424,010430333025675742,2023,2,1.4783333333333335,6,pigeon_pea,ground_LAI_seasonal_mean_NOT_yield,benchmark_sites_UAHS,formula id of the site median coordinate; replace with pixel_id_nearest from _ground_common.snap_to_panel_pixels before merging
UAHS,Kytagondanahalli,unlabelled,Vidappanakunte1,,14.37952,76.819172,010437952025681917,2023,2,2.75,2,groundnut,ground_LAI_seasonal_mean_NOT_yield,benchmark_sites_UAHS,formula id of the site median coordinate; replace with pixel_id_nearest from _ground_common.snap_to_panel_pixels before merging
UAHS,Kytagondanahalli,unlabelled,Vidappanakunte2,,14.3387205,76.78273,010433872025678273,2023,2,2.5075,4,maize,ground_LAI_seasonal_mean_NOT_yield,benchmark_sites_UAHS,formula id of the site median coordinate; replace with pixel_id_nearest from _ground_common.snap_to_panel_pixels before merging
UAHS,Laxmisagara 4U,unlabelled,Lakshimisagar1,,13.967582,75.971893,010396758025597189,2023,2,1.82,1,maize,ground_LAI_seasonal_mean_NOT_yield,benchmark_sites_UAHS,formula id of the site median coordinate; replace with pixel_id_nearest from _ground_common.snap_to_panel_pixels before merging
UAHS,Laxmisagara 4U,unlabelled,Lakshimisagar1,,13.967582,75.971893,010396758025597189,2023,3,2.94,1,maize,ground_LAI_seasonal_mean_NOT_yield,benchmark_sites_UAHS,formula id of the site median coordinate; replace with pixel_id_nearest from _ground_common.snap_to_panel_pixels before merging
UAHS,Laxmisagara 4U,unlabelled,Mallegere3,,13.98158,75.9204975,010398158025592050,2023,2,2.205,2,maize,ground_LAI_seasonal_mean_NOT_yield,benchmark_sites_UAHS,formula id of the site median coordinate; replace with pixel_id_nearest from _ground_common.snap_to_panel_pixels before merging
UAHS,Laxmisagara 4U,unlabelled,Mallegere3,,13.98158,75.9204975,010398158025592050,2023,3,3.2199999999999998,2,maize,ground_LAI_seasonal_mean_NOT_yield,benchmark_sites_UAHS,formula id of the site median coordinate; replace with pixel_id_nearest from _ground_common.snap_to_panel_pixels before merging
UAHS,Mattikote,unlabelled,Dhoopadahalli,,14.2374015,75.39179050000001,010423740025539179,2023,2,4.1025,4,maize,ground_LAI_seasonal_mean_NOT_yield,benchmark_sites_UAHS,formula id of the site median coordinate; replace with pixel_id_nearest from _ground_common.snap_to_panel_pixels before merging
UAHS,Mattikote,unlabelled,Dhoopadahalli,,14.2374015,75.39179050000001,010423740025539179,2023,3,5.22,1,maize,ground_LAI_seasonal_mean_NOT_yield,benchmark_sites_UAHS,formula id of the site median coordinate; replace with pixel_id_nearest from _ground_common.snap_to_panel_pixels before merging
UAHS,Mattikote,unlabelled,Dhoopadahalli,,14.2374015,75.39179050000001,010423740025539179,2024,3,5.0649999999999995,2,maize,ground_LAI_seasonal_mean_NOT_yield,benchmark_sites_UAHS,formula id of the site median coordinate; replace with pixel_id_nearest from _ground_common.snap_to_panel_pixels before merging
UAHS,Mattikote,unlabelled,Gabburu,,14.290953,75.355686,010429095025535569,2023,2,5.23,1,maize,ground_LAI_seasonal_mean_NOT_yield,benchmark_sites_UAHS,formula id of the site median coordinate; replace with pixel_id_nearest from _ground_common.snap_to_panel_pixels before merging
UAHS,Mattikote,unlabelled,Gabburu,,14.290953,75.355686,010429095025535569,2023,3,5.34,1,maize,ground_LAI_seasonal_mean_NOT_yield,benchmark_sites_UAHS,formula id of the site median coordinate; replace with pixel_id_nearest from _ground_common.snap_to_panel_pixels before merging
UAHS,Mattikote,unlabelled,Haliyur,,14.257301,75.372609,010425730025537261,2023,2,5.98,1,maize,ground_LAI_seasonal_mean_NOT_yield,benchmark_sites_UAHS,formula id of the site median coordinate; replace with pixel_id_nearest from _ground_common.snap_to_panel_pixels before merging
UAHS,Mattikote,unlabelled,Haliyur,,14.257301,75.372609,010425730025537261,2023,3,5.76,1,maize,ground_LAI_seasonal_mean_NOT_yield,benchmark_sites_UAHS,formula id of the site median coordinate; replace with pixel_id_nearest from _ground_common.snap_to_panel_pixels before merging
UAHS,Nagagondanahalli,unlabelled,Devaranahalli,,14.268015,76.766286,010426802025676629,2023,2,3.31,1,groundnut,ground_LAI_seasonal_mean_NOT_yield,benchmark_sites_UAHS,formula id of the site median coordinate; replace with pixel_id_nearest from _ground_common.snap_to_panel_pixels before merging
UAHS,Nagagondanahalli,unlabelled,Halagondanahalli2,,14.319202,76.805294,010431920025680529,2023,2,3.05,2,groundnut,ground_LAI_seasonal_mean_NOT_yield,benchmark_sites_UAHS,formula id of the site median coordinate; replace with pixel_id_nearest from _ground_common.snap_to_panel_pixels before merging
UAHS,Nagagondanahalli,unlabelled,Nagagondanahalli1,,14.372646,76.830349,010437265025683035,2023,2,2.84,1,groundnut,ground_LAI_seasonal_mean_NOT_yield,benchmark_sites_UAHS,formula id of the site median coordinate; replace with pixel_id_nearest from _ground_common.snap_to_panel_pixels before merging
UASB,,unlabelled,,,13.78876,77.94534,010378876025794534,2023,2,2.7226665999999997,10,maize,ground_LAI_seasonal_mean_NOT_yield,benchmark_sites_UASB,formula id of the site median coordinate; replace with pixel_id_nearest from _ground_common.snap_to_panel_pixels before merging
UASB,,unlabelled,,,13.78876,77.94534,010378876025794534,2024,3,2.5495079046666667,21,maize,ground_LAI_seasonal_mean_NOT_yield,benchmark_sites_UASB,formula id of the site median coordinate; replace with pixel_id_nearest from _ground_common.snap_to_panel_pixels before merging
UASD,Artal Sub-Watershed,saturation,Artal 1,,16.44,75.1724,010644000025517240,2023,1,0.0,1,no_crop,ground_LAI_seasonal_mean_NOT_yield,benchmark_sites_UASD,formula id of the site median coordinate; replace with pixel_id_nearest from _ground_common.snap_to_panel_pixels before merging
UASD,Artal Sub-Watershed,saturation,Artal 1,,16.44,75.1724,010644000025517240,2023,2,0.0,3,no_crop,ground_LAI_seasonal_mean_NOT_yield,benchmark_sites_UASD,formula id of the site median coordinate; replace with pixel_id_nearest from _ground_common.snap_to_panel_pixels before merging
UASD,Artal Sub-Watershed,saturation,Artal 3,,16.7881,75.3506,010678810025535060,2023,1,3.0700000000000003,1,maize,ground_LAI_seasonal_mean_NOT_yield,benchmark_sites_UASD,formula id of the site median coordinate; replace with pixel_id_nearest from _ground_common.snap_to_panel_pixels before merging
UASD,Artal Sub-Watershed,saturation,Artal 3,,16.7881,75.3506,010678810025535060,2023,2,1.9086666666666667,3,maize,ground_LAI_seasonal_mean_NOT_yield,benchmark_sites_UASD,formula id of the site median coordinate; replace with pixel_id_nearest from _ground_common.snap_to_panel_pixels before merging
UASD,Artal Sub-Watershed,saturation,Artal-1,,16.4349,75.1752,010643490025517520,2023,1,0.0,1,no_crop,ground_LAI_seasonal_mean_NOT_yield,benchmark_sites_UASD,formula id of the site median coordinate; replace with pixel_id_nearest from _ground_common.snap_to_panel_pixels before merging
UASD,Artal Sub-Watershed,saturation,Artal-1,,16.4349,75.1752,010643490025517520,2023,2,0.0,3,no_crop,ground_LAI_seasonal_mean_NOT_yield,benchmark_sites_UASD,formula id of the site median coordinate; replace with pixel_id_nearest from _ground_common.snap_to_panel_pixels before merging
UASD,Artal Sub-Watershed,saturation,Artal-2,,16.4448,75.1747,010644480025517470,2023,1,2.2222222222222223,3,sugarcane,ground_LAI_seasonal_mean_NOT_yield,benchmark_sites_UASD,formula id of the site median coordinate; replace with pixel_id_nearest from _ground_common.snap_to_panel_pixels before merging
UASD,Artal Sub-Watershed,saturation,Artal-2,,16.4448,75.1747,010644480025517470,2023,2,2.273941176470588,17,sugarcane,ground_LAI_seasonal_mean_NOT_yield,benchmark_sites_UASD,formula id of the site median coordinate; replace with pixel_id_nearest from _ground_common.snap_to_panel_pixels before merging
UASD,Artal Sub-Watershed,saturation,Artal-3,,16.4612,75.2037,010646120025520370,2023,1,1.7933333333333337,1,maize,ground_LAI_seasonal_mean_NOT_yield,benchmark_sites_UASD,formula id of the site median coordinate; replace with pixel_id_nearest from _ground_common.snap_to_panel_pixels before merging
UASD,Artal Sub-Watershed,saturation,Artal-3,,16.4612,75.2037,010646120025520370,2023,2,2.7744444444444447,3,maize,ground_LAI_seasonal_mean_NOT_yield,benchmark_sites_UASD,formula id of the site median coordinate; replace with pixel_id_nearest from _ground_common.snap_to_panel_pixels before merging
UASD,Artal Sub-Watershed,saturation,Halahalli-1,,16.4519,75.2122,010645190025521220,2023,1,1.8500000000000003,1,maize,ground_LAI_seasonal_mean_NOT_yield,benchmark_sites_UASD,formula id of the site median coordinate; replace with pixel_id_nearest from _ground_common.snap_to_panel_pixels before merging
UASD,Artal Sub-Watershed,saturation,Halahalli-1,,16.4519,75.2122,010645190025521220,2023,2,2.062,5,maize,ground_LAI_seasonal_mean_NOT_yield,benchmark_sites_UASD,formula id of the site median coordinate; replace with pixel_id_nearest from _ground_common.snap_to_panel_pixels before merging
UASD,Artal Sub-Watershed,saturation,Halahalli-2,,16.4521,75.2009,010645210025520090,2023,1,2.5833333333333335,1,sugarcane,ground_LAI_seasonal_mean_NOT_yield,benchmark_sites_UASD,formula id of the site median coordinate; replace with pixel_id_nearest from _ground_common.snap_to_panel_pixels before merging
UASD,Artal Sub-Watershed,saturation,Halahalli-2,,16.4521,75.2009,010645210025520090,2023,2,3.312857142857143,7,sugarcane,ground_LAI_seasonal_mean_NOT_yield,benchmark_sites_UASD,formula id of the site median coordinate; replace with pixel_id_nearest from _ground_common.snap_to_panel_pixels before merging
UASD,Gadag sub-watershed,control,Chikkoppa,UP,15.48029,75.66051,010548029025566051,2023,2,3.6983333333333333,2,maize,ground_LAI_seasonal_mean_NOT_yield,benchmark_sites_UASD,formula id of the site median coordinate; replace with pixel_id_nearest from _ground_common.snap_to_panel_pixels before merging
UASD,Gadag sub-watershed,control,Hirekoppa,MD,15.49948,75.65871,010549948025565871,2023,2,2.998333333333333,2,maize,ground_LAI_seasonal_mean_NOT_yield,benchmark_sites_UASD,formula id of the site median coordinate; replace with pixel_id_nearest from _ground_common.snap_to_panel_pixels before merging
UASD,Gadag sub-watershed,control,Kiratgeri,LW,15.52089,75.67462,010552089025567462,2023,2,3.5816666666666666,2,maize,ground_LAI_seasonal_mean_NOT_yield,benchmark_sites_UASD,formula id of the site median coordinate; replace with pixel_id_nearest from _ground_common.snap_to_panel_pixels before merging
UASD,Hanchinal sub-watershed,control,Hanchinal-1,UP,15.165278,75.1586111,010516528025515861,2023,1,2.4166666666666665,1,maize,ground_LAI_seasonal_mean_NOT_yield,benchmark_sites_UASD,formula id of the site median coordinate; replace with pixel_id_nearest from _ground_common.snap_to_panel_pixels before merging
UASD,Hanchinal sub-watershed,control,Hanchinal-1,UP,15.165278,75.1586111,010516528025515861,2023,2,1.6955555555555557,12,chickpea,ground_LAI_seasonal_mean_NOT_yield,benchmark_sites_UASD,formula id of the site median coordinate; replace with pixel_id_nearest from _ground_common.snap_to_panel_pixels before merging
UASD,Hanchinal sub-watershed,control,Hanchinal-1,UP,15.165278,75.1586111,010516528025515861,2024,3,0.0,1,no_crop,ground_LAI_seasonal_mean_NOT_yield,benchmark_sites_UASD,formula id of the site median coordinate; replace with pixel_id_nearest from _ground_common.snap_to_panel_pixels before merging
UASD,Hanchinal sub-watershed,control,Vittalapura-1,MD,15.170278,75.1769444,010517028025517694,2023,1,2.0566666666666666,1,cotton,ground_LAI_seasonal_mean_NOT_yield,benchmark_sites_UASD,formula id of the site median coordinate; replace with pixel_id_nearest from _ground_common.snap_to_panel_pixels before merging
UASD,Hanchinal sub-watershed,control,Vittalapura-1,MD,15.170278,75.1769444,010517028025517694,2023,2,1.791388888888889,12,chilli,ground_LAI_seasonal_mean_NOT_yield,benchmark_sites_UASD,formula id of the site median coordinate; replace with pixel_id_nearest from _ground_common.snap_to_panel_pixels before merging
UASD,Hanchinal sub-watershed,control,Vittalapura-1,MD,15.170278,75.1769444,010517028025517694,2024,3,1.5366666666666664,1,chilli,ground_LAI_seasonal_mean_NOT_yield,benchmark_sites_UASD,formula id of the site median coordinate; replace with pixel_id_nearest from _ground_common.snap_to_panel_pixels before merging
UASD,Hanchinal sub-watershed,control,Vittalapura-2,LW,15.226944,75.2288889,010522694025522889,2023,1,2.033333333333333,1,soybean,ground_LAI_seasonal_mean_NOT_yield,benchmark_sites_UASD,formula id of the site median coordinate; replace with pixel_id_nearest from _ground_common.snap_to_panel_pixels before merging
UASD,Hanchinal sub-watershed,control,Vittalapura-2,LW,15.226944,75.2288889,010522694025522889,2023,2,1.9372222222222222,12,cotton,ground_LAI_seasonal_mean_NOT_yield,benchmark_sites_UASD,formula id of the site median coordinate; replace with pixel_id_nearest from _ground_common.snap_to_panel_pixels before merging
UASD,Hanchinal sub-watershed,control,Vittalapura-2,LW,15.226944,75.2288889,010522694025522889,2024,3,1.7733333333333334,1,cotton,ground_LAI_seasonal_mean_NOT_yield,benchmark_sites_UASD,formula id of the site median coordinate; replace with pixel_id_nearest from _ground_common.snap_to_panel_pixels before merging
UASD,Hosahalli sub-watershed,control,Abalur,UP,14.554722,75.4313889,010455472025543139,2023,1,4.506666666666667,1,maize,ground_LAI_seasonal_mean_NOT_yield,benchmark_sites_UASD,formula id of the site median coordinate; replace with pixel_id_nearest from _ground_common.snap_to_panel_pixels before merging
UASD,Hosahalli sub-watershed,control,Abalur,UP,14.554722,75.4313889,010455472025543139,2023,2,4.52,2,cotton,ground_LAI_seasonal_mean_NOT_yield,benchmark_sites_UASD,formula id of the site median coordinate; replace with pixel_id_nearest from _ground_common.snap_to_panel_pixels before merging
UASD,Hosahalli sub-watershed,control,Hirekerur,LW,14.4975,75.3986111,010449750025539861,2023,1,4.83,1,paddy_mixed,ground_LAI_seasonal_mean_NOT_yield,benchmark_sites_UASD,formula id of the site median coordinate; replace with pixel_id_nearest from _ground_common.snap_to_panel_pixels before merging
UASD,Hosahalli sub-watershed,control,Hirekerur,LW,14.4975,75.3986111,010449750025539861,2023,2,2.563333333333333,2,no_crop,ground_LAI_seasonal_mean_NOT_yield,benchmark_sites_UASD,formula id of the site median coordinate; replace with pixel_id_nearest from _ground_common.snap_to_panel_pixels before merging
UASD,Hosahalli sub-watershed,control,Nulageri,MD,14.488611,75.4086111,010448861025540861,2023,1,4.54,1,maize,ground_LAI_seasonal_mean_NOT_yield,benchmark_sites_UASD,formula id of the site median coordinate; replace with pixel_id_nearest from _ground_common.snap_to_panel_pixels before merging
UASD,Hosahalli sub-watershed,control,Nulageri,MD,14.488611,75.4086111,010448861025540861,2023,2,4.176666666666667,2,maize,ground_LAI_seasonal_mean_NOT_yield,benchmark_sites_UASD,formula id of the site median coordinate; replace with pixel_id_nearest from _ground_common.snap_to_panel_pixels before merging
UASD,Kodihalli Sub-Watershed,saturation,Aladgeri,,14.555591,75.471144,010455559025547114,2023,1,4.81,1,groundnut,ground_LAI_seasonal_mean_NOT_yield,benchmark_sites_UASD,formula id of the site median coordinate; replace with pixel_id_nearest from _ground_common.snap_to_panel_pixels before merging
UASD,Kodihalli Sub-Watershed,saturation,Aladgeri,,14.555591,75.471144,010455559025547114,2023,2,5.513333333333333,2,groundnut,ground_LAI_seasonal_mean_NOT_yield,benchmark_sites_UASD,formula id of the site median coordinate; replace with pixel_id_nearest from _ground_common.snap_to_panel_pixels before merging
UASD,Kodihalli Sub-Watershed,saturation,Kunchur,,14.519944500000001,75.51590250000001,010451994025551590,2023,1,5.23,2,maize,ground_LAI_seasonal_mean_NOT_yield,benchmark_sites_UASD,formula id of the site median coordinate; replace with pixel_id_nearest from _ground_common.snap_to_panel_pixels before merging
UASD,Kodihalli Sub-Watershed,saturation,Kunchur,,14.519944500000001,75.51590250000001,010451994025551590,2023,2,3.8125,4,maize,ground_LAI_seasonal_mean_NOT_yield,benchmark_sites_UASD,formula id of the site median coordinate; replace with pixel_id_nearest from _ground_common.snap_to_panel_pixels before merging
UASD,Kodihalli Sub-Watershed,saturation,Lingadevarakoppa,,14.542905,75.51024899999999,010454290025551025,2023,1,5.725,2,maize,ground_LAI_seasonal_mean_NOT_yield,benchmark_sites_UASD,formula id of the site median coordinate; replace with pixel_id_nearest from _ground_common.snap_to_panel_pixels before merging
UASD,Kodihalli Sub-Watershed,saturation,Lingadevarakoppa,,14.542905,75.51024899999999,010454290025551025,2023,2,2.91,4,maize,ground_LAI_seasonal_mean_NOT_yield,benchmark_sites_UASD,formula id of the site median coordinate; replace with pixel_id_nearest from _ground_common.snap_to_panel_pixels before merging
UASD,Kodihalli Sub-Watershed,saturation,Mavintopa,,14.502813,75.513718,010450281025551372,2023,1,3.6133333333333333,3,maize,ground_LAI_seasonal_mean_NOT_yield,benchmark_sites_UASD,formula id of the site median coordinate; replace with pixel_id_nearest from _ground_common.snap_to_panel_pixels before merging
UASD,Kodihalli Sub-Watershed,saturation,Mavintopa,,14.502813,75.513718,010450281025551372,2023,2,2.558333333333333,6,maize,ground_LAI_seasonal_mean_NOT_yield,benchmark_sites_UASD,formula id of the site median coordinate; replace with pixel_id_nearest from _ground_common.snap_to_panel_pixels before merging
UASD,Kodihalli Sub-Watershed,saturation,Yelavadhalli,,14.550516,75.451109,010455052025545111,2023,1,5.0633333333333335,1,maize,ground_LAI_seasonal_mean_NOT_yield,benchmark_sites_UASD,formula id of the site median coordinate; replace with pixel_id_nearest from _ground_common.snap_to_panel_pixels before merging
UASD,Kodihalli Sub-Watershed,saturation,Yelavadhalli,,14.550516,75.451109,010455052025545111,2023,2,5.05,2,chilli,ground_LAI_seasonal_mean_NOT_yield,benchmark_sites_UASD,formula id of the site median coordinate; replace with pixel_id_nearest from _ground_common.snap_to_panel_pixels before merging
UASD,Kohalli sub-watershed,control,Khilaraddi-1,MD,16.829852,75.257618,010682985025525762,2023,1,0.0,1,maize,ground_LAI_seasonal_mean_NOT_yield,benchmark_sites_UASD,formula id of the site median coordinate; replace with pixel_id_nearest from _ground_common.snap_to_panel_pixels before merging
UASD,Kohalli sub-watershed,control,Khilaraddi-1,MD,16.829852,75.257618,010682985025525762,2023,2,1.1011333333333333,5,maize,ground_LAI_seasonal_mean_NOT_yield,benchmark_sites_UASD,formula id of the site median coordinate; replace with pixel_id_nearest from _ground_common.snap_to_panel_pixels before merging
UASD,Kohalli sub-watershed,control,Khilaraddi-1,MD,16.829852,75.257618,010682985025525762,2023,3,2.2333333333333334,1,maize,ground_LAI_seasonal_mean_NOT_yield,benchmark_sites_UASD,formula id of the site median coordinate; replace with pixel_id_nearest from _ground_common.snap_to_panel_pixels before merging
UASD,Kohalli sub-watershed,control,Khilaraddi-2,LW,16.806273,75.25765,010680627025525765,2023,1,0.0,1,pigeon_pea,ground_LAI_seasonal_mean_NOT_yield,benchmark_sites_UASD,formula id of the site median coordinate; replace with pixel_id_nearest from _ground_common.snap_to_panel_pixels before merging
UASD,Kohalli sub-watershed,control,Khilaraddi-2,LW,16.806273,75.25765,010680627025525765,2023,2,2.5126666666666666,5,pigeon_pea,ground_LAI_seasonal_mean_NOT_yield,benchmark_sites_UASD,formula id of the site median coordinate; replace with pixel_id_nearest from _ground_common.snap_to_panel_pixels before merging
UASD,Kohalli sub-watershed,control,Khilaraddi-2,LW,16.806273,75.25765,010680627025525765,2023,3,2.9333333333333336,1,pigeon_pea,ground_LAI_seasonal_mean_NOT_yield,benchmark_sites_UASD,formula id of the site median coordinate; replace with pixel_id_nearest from _ground_common.snap_to_panel_pixels before merging
UASD,Kohalli sub-watershed,control,Khilaraddi-3,UP,16.816854,75.253313,010681685025525331,2023,1,3.6633333333333336,1,maize,ground_LAI_seasonal_mean_NOT_yield,benchmark_sites_UASD,formula id of the site median coordinate; replace with pixel_id_nearest from _ground_common.snap_to_panel_pixels before merging
UASD,Kohalli sub-watershed,control,Khilaraddi-3,UP,16.816854,75.253313,010681685025525331,2023,2,1.672,5,maize,ground_LAI_seasonal_mean_NOT_yield,benchmark_sites_UASD,formula id of the site median coordinate; replace with pixel_id_nearest from _ground_common.snap_to_panel_pixels before merging
UASD,Kohalli sub-watershed,control,Khilaraddi-3,UP,16.816854,75.253313,010681685025525331,2023,3,2.143333333333333,1,maize,ground_LAI_seasonal_mean_NOT_yield,benchmark_sites_UASD,formula id of the site median coordinate; replace with pixel_id_nearest from _ground_common.snap_to_panel_pixels before merging
UASD,Nilagunda Sub-watershed,saturation,Kanvi-1,MD3,15.29336,75.55522,010529336025555522,2023,1,2.6069999999999998,2,chilli,ground_LAI_seasonal_mean_NOT_yield,benchmark_sites_UASD,formula id of the site median coordinate; replace with pixel_id_nearest from _ground_common.snap_to_panel_pixels before merging
UASD,Nilagunda Sub-watershed,saturation,Kanvi-1,MD3,15.29336,75.55522,010529336025555522,2023,2,3.264666666666667,5,chilli,ground_LAI_seasonal_mean_NOT_yield,benchmark_sites_UASD,formula id of the site median coordinate; replace with pixel_id_nearest from _ground_common.snap_to_panel_pixels before merging
UASD,Nilagunda Sub-watershed,saturation,Mulgund East-3,UP1,15.29689,75.56802,010529689025556802,2023,1,3.096666666666667,2,maize,ground_LAI_seasonal_mean_NOT_yield,benchmark_sites_UASD,formula id of the site median coordinate; replace with pixel_id_nearest from _ground_common.snap_to_panel_pixels before merging
UASD,Nilagunda Sub-watershed,saturation,Mulgund East-3,UP1,15.29689,75.56802,010529689025556802,2023,2,4.300000000000001,2,maize,ground_LAI_seasonal_mean_NOT_yield,benchmark_sites_UASD,formula id of the site median coordinate; replace with pixel_id_nearest from _ground_common.snap_to_panel_pixels before merging
UASD,Nilagunda Sub-watershed,saturation,Mulgund-1,UP3,15.31464,75.52067,010531464025552067,2023,1,0.0,2,no_crop,ground_LAI_seasonal_mean_NOT_yield,benchmark_sites_UASD,formula id of the site median coordinate; replace with pixel_id_nearest from _ground_common.snap_to_panel_pixels before merging
UASD,Nilagunda Sub-watershed,saturation,Mulgund-1,UP3,15.31464,75.52067,010531464025552067,2023,2,0.0,2,no_crop,ground_LAI_seasonal_mean_NOT_yield,benchmark_sites_UASD,formula id of the site median coordinate; replace with pixel_id_nearest from _ground_common.snap_to_panel_pixels before merging
UASD,Nilagunda Sub-watershed,saturation,Mulgund-2,MD1,15.29158,75.52045,010529158025552045,2023,1,2.9383333333333335,2,maize,ground_LAI_seasonal_mean_NOT_yield,benchmark_sites_UASD,formula id of the site median coordinate; replace with pixel_id_nearest from _ground_common.snap_to_panel_pixels before merging
UASD,Nilagunda Sub-watershed,saturation,Mulgund-2,MD1,15.29158,75.52045,010529158025552045,2023,2,3.6983333333333333,2,maize,ground_LAI_seasonal_mean_NOT_yield,benchmark_sites_UASD,formula id of the site median coordinate; replace with pixel_id_nearest from _ground_common.snap_to_panel_pixels before merging
UASD,Nilagunda Sub-watershed,saturation,Mulgund-2,MD2,15.29615,75.54059,010529615025554059,2023,1,2.4228333333333336,2,maize,ground_LAI_seasonal_mean_NOT_yield,benchmark_sites_UASD,formula id of the site median coordinate; replace with pixel_id_nearest from _ground_common.snap_to_panel_pixels before merging
UASD,Nilagunda Sub-watershed,saturation,Mulgund-2,MD2,15.29615,75.54059,010529615025554059,2023,2,3.6116666666666664,2,maize,ground_LAI_seasonal_mean_NOT_yield,benchmark_sites_UASD,formula id of the site median coordinate; replace with pixel_id_nearest from _ground_common.snap_to_panel_pixels before merging
UASD,Nilagunda Sub-watershed,saturation,Nilgund-2,UP2,15.31486,75.5179,010531486025551790,2023,1,0.815,2,maize,ground_LAI_seasonal_mean_NOT_yield,benchmark_sites_UASD,formula id of the site median coordinate; replace with pixel_id_nearest from _ground_common.snap_to_panel_pixels before merging
UASD,Nilagunda Sub-watershed,saturation,Nilgund-2,UP2,15.31486,75.5179,010531486025551790,2023,2,0.0,2,maize,ground_LAI_seasonal_mean_NOT_yield,benchmark_sites_UASD,formula id of the site median coordinate; replace with pixel_id_nearest from _ground_common.snap_to_panel_pixels before merging
UASD,Nilagunda Sub-watershed,saturation,Nilgund-3,LW1,15.30442,75.48469,010530442025548469,2023,1,0.0,2,no_crop,ground_LAI_seasonal_mean_NOT_yield,benchmark_sites_UASD,formula id of the site median coordinate; replace with pixel_id_nearest from _ground_common.snap_to_panel_pixels before merging
UASD,Nilagunda Sub-watershed,saturation,Nilgund-3,LW1,15.30442,75.48469,010530442025548469,2023,2,0.0,2,no_crop,ground_LAI_seasonal_mean_NOT_yield,benchmark_sites_UASD,formula id of the site median coordinate; replace with pixel_id_nearest from _ground_common.snap_to_panel_pixels before merging
UASD,Nilagunda Sub-watershed,saturation,Nilgund-3,LW2,15.29886,75.48786,010529886025548786,2023,1,1.6466666666666665,2,no_crop,ground_LAI_seasonal_mean_NOT_yield,benchmark_sites_UASD,formula id of the site median coordinate; replace with pixel_id_nearest from _ground_common.snap_to_panel_pixels before merging
UASD,Nilagunda Sub-watershed,saturation,Nilgund-3,LW2,15.29886,75.48786,010529886025548786,2023,2,3.04,2,no_crop,ground_LAI_seasonal_mean_NOT_yield,benchmark_sites_UASD,formula id of the site median coordinate; replace with pixel_id_nearest from _ground_common.snap_to_panel_pixels before merging
UASD,Nilagunda Sub-watershed,saturation,Nilgund-3,LW3,15.30131,75.49959,010530131025549959,2023,1,0.0,2,no_crop,ground_LAI_seasonal_mean_NOT_yield,benchmark_sites_UASD,formula id of the site median coordinate; replace with pixel_id_nearest from _ground_common.snap_to_panel_pixels before merging
UASD,Nilagunda Sub-watershed,saturation,Nilgund-3,LW3,15.30131,75.49959,010530131025549959,2023,2,0.0,2,no_crop,ground_LAI_seasonal_mean_NOT_yield,benchmark_sites_UASD,formula id of the site median coordinate; replace with pixel_id_nearest from _ground_common.snap_to_panel_pixels before merging
UASD,Shirur Sub-Watershed,saturation,Bilebala,,15.2186,75.26,010521860025526000,2023,1,2.64,1,soybean,ground_LAI_seasonal_mean_NOT_yield,benchmark_sites_UASD,formula id of the site median coordinate; replace with pixel_id_nearest from _ground_common.snap_to_panel_pixels before merging
UASD,Shirur Sub-Watershed,saturation,Bilebala,,15.2186,75.26,010521860025526000,2023,2,2.2518518518518515,9,soybean,ground_LAI_seasonal_mean_NOT_yield,benchmark_sites_UASD,formula id of the site median coordinate; replace with pixel_id_nearest from _ground_common.snap_to_panel_pixels before merging
UASD,Shirur Sub-Watershed,saturation,Bilebala,,15.2186,75.26,010521860025526000,2024,3,2.5,1,cotton,ground_LAI_seasonal_mean_NOT_yield,benchmark_sites_UASD,formula id of the site median coordinate; replace with pixel_id_nearest from _ground_common.snap_to_panel_pixels before merging
UASD,Shirur Sub-Watershed,saturation,Devanur,,15.2433,75.28306,010524330025528306,2023,1,1.71,1,groundnut,ground_LAI_seasonal_mean_NOT_yield,benchmark_sites_UASD,formula id of the site median coordinate; replace with pixel_id_nearest from _ground_common.snap_to_panel_pixels before merging
UASD,Shirur Sub-Watershed,saturation,Devanur,,15.2433,75.28306,010524330025528306,2023,2,2.0740740740740744,9,chilli,ground_LAI_seasonal_mean_NOT_yield,benchmark_sites_UASD,formula id of the site median coordinate; replace with pixel_id_nearest from _ground_common.snap_to_panel_pixels before merging
UASD,Shirur Sub-Watershed,saturation,Devanur,,15.2433,75.28306,010524330025528306,2024,3,1.21,1,chilli,ground_LAI_seasonal_mean_NOT_yield,benchmark_sites_UASD,formula id of the site median coordinate; replace with pixel_id_nearest from _ground_common.snap_to_panel_pixels before merging
UASD,Shirur Sub-Watershed,saturation,Devanurnorth,,15.2268,75.24944500000001,010522680025524944,2023,1,1.9066666666666667,2,cotton_mixed,ground_LAI_seasonal_mean_NOT_yield,benchmark_sites_UASD,formula id of the site median coordinate; replace with pixel_id_nearest from _ground_common.snap_to_panel_pixels before merging
UASD,Shirur Sub-Watershed,saturation,Devanurnorth,,15.2268,75.24944500000001,010522680025524944,2023,2,1.878537037037037,18,chilli,ground_LAI_seasonal_mean_NOT_yield,benchmark_sites_UASD,formula id of the site median coordinate; replace with pixel_id_nearest from _ground_common.snap_to_panel_pixels before merging
UASD,Shirur Sub-Watershed,saturation,Devanurnorth,,15.2268,75.24944500000001,010522680025524944,2024,3,1.4816666666666667,2,chilli,ground_LAI_seasonal_mean_NOT_yield,benchmark_sites_UASD,formula id of the site median coordinate; replace with pixel_id_nearest from _ground_common.snap_to_panel_pixels before merging
UASD,Shirur Sub-Watershed,saturation,Kamadoli-1,,15.2358,75.28833,010523580025528833,2023,1,1.8966666666666665,1,cotton,ground_LAI_seasonal_mean_NOT_yield,benchmark_sites_UASD,formula id of the site median coordinate; replace with pixel_id_nearest from _ground_common.snap_to_panel_pixels before merging
UASD,Shirur Sub-Watershed,saturation,Kamadoli-1,,15.2358,75.28833,010523580025528833,2023,2,1.8929629629629632,9,cotton,ground_LAI_seasonal_mean_NOT_yield,benchmark_sites_UASD,formula id of the site median coordinate; replace with pixel_id_nearest from _ground_common.snap_to_panel_pixels before merging
UASD,Shirur Sub-Watershed,saturation,Kamadoli-1,,15.2358,75.28833,010523580025528833,2024,3,2.5933333333333333,1,cotton,ground_LAI_seasonal_mean_NOT_yield,benchmark_sites_UASD,formula id of the site median coordinate; replace with pixel_id_nearest from _ground_common.snap_to_panel_pixels before merging
UASD,Shirur Sub-Watershed,saturation,Kamadoli-2,,15.1772,75.23972,010517720025523972,2023,1,2.4766666666666666,1,cotton,ground_LAI_seasonal_mean_NOT_yield,benchmark_sites_UASD,formula id of the site median coordinate; replace with pixel_id_nearest from _ground_common.snap_to_panel_pixels before merging
UASD,Shirur Sub-Watershed,saturation,Kamadoli-2,,15.1772,75.23972,010517720025523972,2023,2,2.207777777777778,9,cotton,ground_LAI_seasonal_mean_NOT_yield,benchmark_sites_UASD,formula id of the site median coordinate; replace with pixel_id_nearest from _ground_common.snap_to_panel_pixels before merging
UASD,Shirur Sub-Watershed,saturation,Kamadoli-2,,15.1772,75.23972,010517720025523972,2024,3,2.516666666666666,1,cotton,ground_LAI_seasonal_mean_NOT_yield,benchmark_sites_UASD,formula id of the site median coordinate; replace with pixel_id_nearest from _ground_common.snap_to_panel_pixels before merging
UASD,Shirur Sub-Watershed,saturation,Shirur-1,,15.2444,75.26917,010524440025526917,2023,1,1.961111111111111,3,chilli,ground_LAI_seasonal_mean_NOT_yield,benchmark_sites_UASD,formula id of the site median coordinate; replace with pixel_id_nearest from _ground_common.snap_to_panel_pixels before merging
UASD,Shirur Sub-Watershed,saturation,Shirur-1,,15.2444,75.26917,010524440025526917,2023,2,1.8045802469135803,27,chilli,ground_LAI_seasonal_mean_NOT_yield,benchmark_sites_UASD,formula id of the site median coordinate; replace with pixel_id_nearest from _ground_common.snap_to_panel_pixels before merging
UASD,Shirur Sub-Watershed,saturation,Shirur-1,,15.2444,75.26917,010524440025526917,2024,3,1.832222222222222,3,chilli,ground_LAI_seasonal_mean_NOT_yield,benchmark_sites_UASD,formula id of the site median coordinate; replace with pixel_id_nearest from _ground_common.snap_to_panel_pixels before merging
UHSB,Kandgul,unlabelled,Masjawadi,10.0,18.091666,77.526627,010809167025752663,2023,1,2.4374076666666666,9,soybean,ground_LAI_seasonal_mean_NOT_yield,benchmark_sites_UHSB,formula id of the site median coordinate; replace with pixel_id_nearest from _ground_common.snap_to_panel_pixels before merging
UHSB,Kandgul,unlabelled,Masjawadi,10.0,18.091666,77.526627,010809167025752663,2023,2,1.561944416638889,12,pigeon_pea,ground_LAI_seasonal_mean_NOT_yield,benchmark_sites_UHSB,formula id of the site median coordinate; replace with pixel_id_nearest from _ground_common.snap_to_panel_pixels before merging
UHSB,Kandgul,unlabelled,Masjawadi,11.0,18.098571,77.546512,010809857025754651,2023,1,2.481481111111111,9,soybean,ground_LAI_seasonal_mean_NOT_yield,benchmark_sites_UHSB,formula id of the site median coordinate; replace with pixel_id_nearest from _ground_common.snap_to_panel_pixels before merging
UHSB,Kandgul,unlabelled,Masjawadi,11.0,18.098571,77.546512,010809857025754651,2023,2,1.414166611111111,12,pigeon_pea,ground_LAI_seasonal_mean_NOT_yield,benchmark_sites_UHSB,formula id of the site median coordinate; replace with pixel_id_nearest from _ground_common.snap_to_panel_pixels before merging
UHSB,Kandgul,unlabelled,Masjawadi,12.0,18.09009,77.536949,010809009025753695,2023,1,2.444074777777778,9,soybean,ground_LAI_seasonal_mean_NOT_yield,benchmark_sites_UHSB,formula id of the site median coordinate; replace with pixel_id_nearest from _ground_common.snap_to_panel_pixels before merging
UHSB,Kandgul,unlabelled,Masjawadi,12.0,18.09009,77.536949,010809009025753695,2023,2,1.7056410513076925,13,pigeon_pea,ground_LAI_seasonal_mean_NOT_yield,benchmark_sites_UHSB,formula id of the site median coordinate; replace with pixel_id_nearest from _ground_common.snap_to_panel_pixels before merging
UHSB,Pashapur,unlabelled,Ladha 1,2.0,18.111395,77.430901,010811140025743090,2023,1,2.5711115555555555,9,soybean,ground_LAI_seasonal_mean_NOT_yield,benchmark_sites_UHSB,formula id of the site median coordinate; replace with pixel_id_nearest from _ground_common.snap_to_panel_pixels before merging
UHSB,Pashapur,unlabelled,Ladha 1,2.0,18.111395,77.430901,010811140025743090,2023,2,1.415454515151515,11,pigeon_pea,ground_LAI_seasonal_mean_NOT_yield,benchmark_sites_UHSB,formula id of the site median coordinate; replace with pixel_id_nearest from _ground_common.snap_to_panel_pixels before merging
UHSB,Pashapur,unlabelled,Ladha 2,1.0,18.084342,77.442383,010808434025744238,2023,1,2.4388896666666664,9,soybean,ground_LAI_seasonal_mean_NOT_yield,benchmark_sites_UHSB,formula id of the site median coordinate; replace with pixel_id_nearest from _ground_common.snap_to_panel_pixels before merging
UHSB,Pashapur,unlabelled,Ladha 2,1.0,18.084342,77.442383,010808434025744238,2023,2,1.7120512820769231,13,pigeon_pea,ground_LAI_seasonal_mean_NOT_yield,benchmark_sites_UHSB,formula id of the site median coordinate; replace with pixel_id_nearest from _ground_common.snap_to_panel_pixels before merging
UHSB,Pashapur,unlabelled,Ladha 2,3.0,18.090017,77.450232,010809002025745023,2023,1,2.4903704444444443,9,soybean,ground_LAI_seasonal_mean_NOT_yield,benchmark_sites_UHSB,formula id of the site median coordinate; replace with pixel_id_nearest from _ground_common.snap_to_panel_pixels before merging
UHSB,Pashapur,unlabelled,Ladha 2,3.0,18.090017,77.450232,010809002025745023,2023,2,2.1055556666666666,3,soybean,ground_LAI_seasonal_mean_NOT_yield,benchmark_sites_UHSB,formula id of the site median coordinate; replace with pixel_id_nearest from _ground_common.snap_to_panel_pixels before merging
UHSB,Pashapur,unlabelled,Ladha 2,6.0,18.085776,77.456589,010808578025745659,2023,1,2.5088896666666667,9,soybean,ground_LAI_seasonal_mean_NOT_yield,benchmark_sites_UHSB,formula id of the site median coordinate; replace with pixel_id_nearest from _ground_common.snap_to_panel_pixels before merging
UHSB,Pashapur,unlabelled,Ladha 2,6.0,18.085776,77.456589,010808578025745659,2023,2,1.6550000000277778,12,pigeon_pea,ground_LAI_seasonal_mean_NOT_yield,benchmark_sites_UHSB,formula id of the site median coordinate; replace with pixel_id_nearest from _ground_common.snap_to_panel_pixels before merging
UHSB,Pashapur,unlabelled,Mustapur,4.0,18.102643,77.46111,010810264025746111,2023,1,2.644445222222222,9,soybean,ground_LAI_seasonal_mean_NOT_yield,benchmark_sites_UHSB,formula id of the site median coordinate; replace with pixel_id_nearest from _ground_common.snap_to_panel_pixels before merging
UHSB,Pashapur,unlabelled,Mustapur,4.0,18.102643,77.46111,010810264025746111,2023,2,1.5930769486923078,13,pigeon_pea,ground_LAI_seasonal_mean_NOT_yield,benchmark_sites_UHSB,formula id of the site median coordinate; replace with pixel_id_nearest from _ground_common.snap_to_panel_pixels before merging
UHSB,Pashapur,unlabelled,Mustapur,5.0,18.112833,77.459653,010811283025745965,2023,1,2.477037777777778,9,soybean,ground_LAI_seasonal_mean_NOT_yield,benchmark_sites_UHSB,formula id of the site median coordinate; replace with pixel_id_nearest from _ground_common.snap_to_panel_pixels before merging
UHSB,Pashapur,unlabelled,Mustapur,5.0,18.112833,77.459653,010811283025745965,2023,2,1.531388888861111,12,pigeon_pea,ground_LAI_seasonal_mean_NOT_yield,benchmark_sites_UHSB,formula id of the site median coordinate; replace with pixel_id_nearest from _ground_common.snap_to_panel_pixels before merging
UHSB,Pashapur,unlabelled,Mustapur,9.0,18.108699,77.453272,010810870025745327,2023,1,2.533703,9,soybean,ground_LAI_seasonal_mean_NOT_yield,benchmark_sites_UHSB,formula id of the site median coordinate; replace with pixel_id_nearest from _ground_common.snap_to_panel_pixels before merging
UHSB,Pashapur,unlabelled,Mustapur,9.0,18.108699,77.453272,010810870025745327,2023,2,1.7551515454848485,11,pigeon_pea,ground_LAI_seasonal_mean_NOT_yield,benchmark_sites_UHSB,formula id of the site median coordinate; replace with pixel_id_nearest from _ground_common.snap_to_panel_pixels before merging
