district,sws_code,subwshed_id,mws_code,mws_name,n_parcels,share_owner_female,share_small_farmer,share_large_farmer,mean_parcel_ha,median_parcel_ha,share_sc_st,share_fruits_id,grain,kgis_village_code
Koppal,4D4A2,,4D4A2M1c,Muralapur-2,271,0.13653136531365315,0.7822878228782287,0.04059040590405904,1.6387822878228784,1.42,0.1033210332103321,0.7933579335793358,mws,
Koppal,4D4A2,,4D4A2M1d,Muralapur-1,295,0.1864406779661017,0.7762711864406779,0.006779661016949152,1.7857627118644066,1.6,0.05084745762711865,0.7457627118644068,mws,
Koppal,4D4A2,,4D4A2M1e,Muralapur-4,155,0.14193548387096774,0.7870967741935484,0.0064516129032258064,1.7523225806451614,1.48,0.025806451612903226,0.7225806451612903,mws,
Koppal,4D4A2,,4D4A2M2a,Gatareddihal-4,202,0.22277227722772278,0.7227722772277227,0.01485148514851485,2.0607425742574255,1.4,0.10891089108910891,0.7029702970297029,mws,
Koppal,4D4A2,,4D4A2M2b,Gatareddihal-1,272,0.23161764705882354,0.7426470588235294,0.01838235294117647,1.8138602941176472,1.48,0.13970588235294118,0.7242647058823529,mws,
Koppal,4D4A2,,4D4A2M2c,Gatareddihal-3,178,0.30337078651685395,0.6910112359550562,0.02247191011235955,2.0430337078651686,1.61,0.10112359550561797,0.7865168539325843,mws,
Koppal,4D4A2,,4D4A2M2d,Gatareddihal-2,258,0.19767441860465115,0.6782945736434108,0.03875968992248062,1.8912790697674418,1.61,0.1124031007751938,0.8255813953488372,mws,
Koppal,4D4A2,,4D4A2M3a,Raghunathanhalli-2,350,0.18571428571428572,0.9,0.008571428571428572,1.1007714285714285,0.84,0.09428571428571429,0.7057142857142857,mws,
Koppal,4D4A2,,4D4A2M3b,Raghunathanhalli-1,467,0.13704496788008566,0.9314775160599572,0.004282655246252677,0.9636830835117773,0.76,0.0835117773019272,0.6852248394004282,mws,
Koppal,4D4A2,,4D4A2M3c,Hatti,412,0.1796116504854369,0.9660194174757282,0.0,1.0266747572815533,0.805,0.07766990291262135,0.7718446601941747,mws,
Koppal,4D4A2,,4D4A2M3d,Kalhalli,473,0.2029598308668076,0.8731501057082452,0.0,1.3273150105708247,1.1,0.052854122621564484,0.7124735729386892,mws,
Koppal,4D4A2,,4D4A2M4a,Raghunathanhalli  West-3,249,0.25301204819277107,0.7670682730923695,0.012048192771084338,1.740843373493976,1.34,0.12449799196787148,0.7751004016064257,mws,
Koppal,4D4A2,,4D4A2M4b,Raghunathanhalli  West-1,294,0.1836734693877551,0.9319727891156463,0.01020408163265306,1.3917687074829932,1.145,0.06802721088435375,0.7993197278911565,mws,
Koppal,4D4A2,,4D4A2M4c,Raghunathanhalli  West-2,159,0.3270440251572327,0.8930817610062893,0.0,1.4203773584905661,1.2,0.05660377358490566,0.7232704402515723,mws,
Koppal,4D4A2,,4D4A2M1c,,165,0.19393939393939394,0.7696969696969697,0.06060606060606061,1.542909090909091,1.3,0.08484848484848485,0.793939393939394,kgis_village,0704020014
Koppal,4D4A2,,4D4A2M1c,,106,0.04716981132075472,0.8018867924528302,0.009433962264150943,1.7880188679245284,1.48,0.1320754716981132,0.7924528301886793,kgis_village,0805020010
Koppal,4D4A2,,4D4A2M1d,,40,0.1,0.7,0.0,1.799,1.6,0.175,0.8,kgis_village,0704020014
Koppal,4D4A2,,4D4A2M1d,,149,0.3221476510067114,0.8120805369127517,0.013422818791946308,1.651006711409396,1.4,0.040268456375838924,0.6644295302013423,kgis_village,0704020016
Koppal,4D4A2,,4D4A2M1d,,106,0.02830188679245283,0.7547169811320755,0.0,1.970188679245283,1.67,0.018867924528301886,0.839622641509434,kgis_village,0805020010
Koppal,4D4A2,,4D4A2M1e,,57,0.19298245614035087,0.8771929824561403,0.0,1.3747368421052633,1.16,0.03508771929824561,0.7017543859649122,kgis_village,0704020013
Koppal,4D4A2,,4D4A2M1e,,39,0.07692307692307693,0.7948717948717948,0.0,1.8433333333333333,1.6,0.02564102564102564,0.5641025641025641,kgis_village,0704020016
Koppal,4D4A2,,4D4A2M1e,,31,0.25806451612903225,0.6774193548387096,0.03225806451612903,2.0,1.54,0.0,0.8709677419354839,kgis_village,0805010001
Koppal,4D4A2,,4D4A2M1e,,28,0.0,0.7142857142857143,0.0,2.12,1.2,0.03571428571428571,0.8214285714285714,kgis_village,0805020010
Koppal,4D4A2,,4D4A2M2a,,108,0.2222222222222222,0.6296296296296297,0.027777777777777776,2.2707407407407407,1.61,0.1111111111111111,0.6759259259259259,kgis_village,0704020002
Koppal,4D4A2,,4D4A2M2a,,78,0.2692307692307692,0.8333333333333334,0.0,1.8432051282051283,1.33,0.07692307692307693,0.782051282051282,kgis_village,0704020014
Koppal,4D4A2,,4D4A2M2a,,16,0.0,0.8125,0.0,1.70375,1.055,0.25,0.5,kgis_village,0805020013
Koppal,4D4A2,,4D4A2M2b,,272,0.23161764705882354,0.7426470588235294,0.01838235294117647,1.8138602941176472,1.48,0.13970588235294118,0.7242647058823529,kgis_village,0704020002
Koppal,4D4A2,,4D4A2M2c,,133,0.2857142857142857,0.6616541353383458,0.03007518796992481,2.094887218045113,1.8,0.09774436090225563,0.7819548872180451,kgis_village,0704020002
Koppal,4D4A2,,4D4A2M2c,,34,0.38235294117647056,0.9117647058823529,0.0,1.6591176470588234,1.165,0.14705882352941177,0.7941176470588235,kgis_village,0704020014
Koppal,4D4A2,,4D4A2M2c,,11,0.2727272727272727,0.36363636363636365,0.0,2.602727272727273,2.85,0.0,0.8181818181818182,kgis_village,0704020016
Koppal,4D4A2,,4D4A2M2d,,1,0.0,1.0,0.0,2.36,2.36,0.0,1.0,kgis_village,
Koppal,4D4A2,,4D4A2M2d,,121,0.17355371900826447,0.8677685950413223,0.024793388429752067,2.0946280991735535,1.6,0.17355371900826447,0.743801652892562,kgis_village,0704020002
Koppal,4D4A2,,4D4A2M2d,,61,0.19672131147540983,0.4918032786885246,0.03278688524590164,1.6018032786885248,1.06,0.08196721311475409,0.8524590163934426,kgis_village,0704020013
Koppal,4D4A2,,4D4A2M2d,,75,0.24,0.52,0.06666666666666667,1.7924,1.8,0.04,0.9333333333333333,kgis_village,0704020016
Koppal,4D4A2,,4D4A2M3a,,195,0.26153846153846155,0.9179487179487179,0.0,1.0024615384615385,0.8,0.06153846153846154,0.7128205128205128,kgis_village,0704020013
Koppal,4D4A2,,4D4A2M3a,,6,0.0,1.0,0.0,0.85,0.55,0.0,0.8333333333333334,kgis_village,0704020017
Koppal,4D4A2,,4D4A2M3a,,76,0.11842105263157894,0.9078947368421053,0.02631578947368421,1.0946052631578946,0.79,0.10526315789473684,0.6447368421052632,kgis_village,0704020018
Koppal,4D4A2,,4D4A2M3a,,30,0.16666666666666666,0.9,0.0,1.2656666666666667,1.02,0.23333333333333334,0.5666666666666667,kgis_village,0704020029
Koppal,4D4A2,,4D4A2M3a,,43,0.0,0.7906976744186046,0.023255813953488372,1.4774418604651163,1.25,0.13953488372093023,0.8604651162790697,kgis_village,0805010001
Koppal,4D4A2,,4D4A2M3b,,111,0.18018018018018017,0.990990990990991,0.009009009009009009,0.8313513513513514,0.74,0.07207207207207207,0.7027027027027027,kgis_village,0704020017
Koppal,4D4A2,,4D4A2M3b,,139,0.07913669064748201,0.9496402877697842,0.0,0.7797122302158273,0.53,0.1366906474820144,0.7553956834532374,kgis_village,0704020018
Koppal,4D4A2,,4D4A2M3b,,171,0.16374269005847952,0.9298245614035088,0.0,0.9502923976608187,0.76,0.04093567251461988,0.5789473684210527,kgis_village,0704020029
Koppal,4D4A2,,4D4A2M3b,,46,0.10869565217391304,0.7391304347826086,0.021739130434782608,1.8886956521739129,1.47,0.10869565217391304,0.8260869565217391,kgis_village,0805010001
Koppal,4D4A2,,4D4A2M3c,,226,0.1592920353982301,1.0,0.0,1.1065929203539824,0.945,0.03982300884955752,0.7831858407079646,kgis_village,0704020017
Koppal,4D4A2,,4D4A2M3c,,154,0.2077922077922078,0.9090909090909091,0.0,0.872987012987013,0.6,0.14935064935064934,0.7597402597402597,kgis_village,0704020029
Koppal,4D4A2,,4D4A2M3c,,32,0.1875,1.0,0.0,1.201875,1.15,0.0,0.75,kgis_village,0704020031
Koppal,4D4A2,,4D4A2M3d,,156,0.19230769230769232,0.967948717948718,0.0,1.0316666666666667,0.8,0.07692307692307693,0.7435897435897436,kgis_village,0704020001
Koppal,4D4A2,,4D4A2M3d,,133,0.15037593984962405,0.8796992481203008,0.0,1.3999248120300751,1.16,0.007518796992481203,0.7368421052631579,kgis_village,0704020027
Koppal,4D4A2,,4D4A2M3d,,184,0.25,0.7880434782608695,0.0,1.5254891304347826,1.32,0.06521739130434782,0.6684782608695652,kgis_village,0704020031
Koppal,4D4A2,,4D4A2M4a,,15,0.5333333333333333,0.4666666666666667,0.2,2.908,1.79,0.2,0.8,kgis_village,0704020002
Koppal,4D4A2,,4D4A2M4a,,229,0.2314410480349345,0.7816593886462883,0.0,1.6713100436681223,1.27,0.1222707423580786,0.7816593886462883,kgis_village,0704020013
Koppal,4D4A2,,4D4A2M4a,,5,0.4,1.0,0.0,1.424,1.34,0.0,0.4,kgis_village,0704020017
Koppal,4D4A2,,4D4A2M4b,,112,0.23214285714285715,0.875,0.008928571428571428,1.7037499999999999,1.32,0.13392857142857142,0.8035714285714286,kgis_village,0704020001
Koppal,4D4A2,,4D4A2M4b,,37,0.2702702702702703,0.8918918918918919,0.0,1.4778378378378378,1.2,0.0,0.5675675675675675,kgis_village,0704020013
Koppal,4D4A2,,4D4A2M4b,,145,0.12413793103448276,0.9862068965517241,0.013793103448275862,1.1288275862068966,0.91,0.034482758620689655,0.8551724137931035,kgis_village,0704020017
Koppal,4D4A2,,4D4A2M4c,,153,0.3333333333333333,0.8888888888888888,0.0,1.4239869281045752,1.2,0.058823529411764705,0.7124183006535948,kgis_village,0704020001
Koppal,4D4A2,,4D4A2M4c,,6,0.16666666666666666,1.0,0.0,1.3283333333333334,1.15,0.0,1.0,kgis_village,0704020027
