district,Year,Season,crop,n_plots,sow_median,sow_p10,sow_p90,area_ha_polygon
Bidar,2025.0,1.0,pigeon_pea,41,2025-09-11 00:00:00,2025-09-03 00:00:00,2025-09-26 00:00:00,45.84572263570289
Bidar,2025.0,1.0,safflower,6,2025-09-19 00:00:00,2025-09-14 12:00:00,2025-09-26 00:00:00,4.646256441797499
Bidar,2025.0,1.0,sorghum,5,2025-09-11 00:00:00,2025-09-03 00:00:00,2025-09-23 09:36:00,3.8230179639763304
Bidar,2025.0,1.0,maize,4,2025-09-06 12:00:00,2025-09-03 00:00:00,2025-09-10 16:48:00,4.6671065657206485
Bidar,2025.0,2.0,pigeon_pea,264,2025-10-01 00:00:00,2025-10-01 00:00:00,2025-10-02 00:00:00,357.69075304855335
Bidar,2025.0,2.0,safflower,27,2025-10-01 00:00:00,2025-10-01 00:00:00,2025-10-04 00:00:00,25.21613336534208
Bidar,2025.0,2.0,sorghum,12,2025-10-01 00:00:00,2025-10-01 00:00:00,2025-10-08 00:00:00,12.112659381048367
Bidar,2025.0,2.0,soybean,10,2025-10-02 00:00:00,2025-10-01 00:00:00,2025-10-09 16:48:00,14.208461161414194
Chamarajanagar,2025.0,1.0,horse_gram,162,2025-09-12 00:00:00,2025-09-02 00:00:00,2025-09-26 00:00:00,104.7609640644089
Chamarajanagar,2025.0,1.0,maize,152,2025-09-11 00:00:00,2025-09-02 00:00:00,2025-09-19 00:00:00,97.22234550330654
Chamarajanagar,2025.0,1.0,finger_millet,10,2025-09-04 00:00:00,2025-08-31 07:12:00,2025-09-18 02:24:00,6.420781562950999
Chamarajanagar,2025.0,2.0,maize,155,2025-10-15 00:00:00,2025-10-01 09:36:00,2025-11-13 00:00:00,85.60298496770021
Chamarajanagar,2025.0,2.0,horse_gram,120,2025-10-09 00:00:00,2025-10-01 00:00:00,2025-11-06 00:00:00,71.9479652073056
Chamarajanagar,2025.0,2.0,sorghum,3,2025-11-06 00:00:00,2025-10-21 00:00:00,2025-11-11 14:24:00,0.762196898403412
Chitradurga,2025.0,1.0,finger_millet,140,2025-08-29 00:00:00,2025-08-01 00:00:00,2025-09-10 00:00:00,48.81243112506749
Chitradurga,2025.0,1.0,maize,25,2025-06-19 00:00:00,2025-06-06 09:36:00,2025-07-06 14:24:00,9.883160312597624
Chitradurga,2025.0,2.0,finger_millet,17,2025-10-15 00:00:00,2025-10-01 00:00:00,2025-11-04 19:12:00,5.613423692101775
Chitradurga,2025.0,2.0,chickpea,10,2025-11-01 00:00:00,2025-10-21 16:48:00,2025-11-01 07:12:00,3.249842813184309
Gadag,2025.0,1.0,green_gram,136,2025-06-14 00:00:00,2025-06-06 00:00:00,2025-07-08 12:00:00,160.0546312407186
Gadag,2025.0,1.0,onion,57,2025-06-12 00:00:00,2025-06-04 00:00:00,2025-07-04 09:36:00,56.79623168785934
Gadag,2025.0,1.0,chilli,39,2025-06-12 00:00:00,2025-06-10 00:00:00,2025-06-18 00:00:00,47.477124396255725
Gadag,2025.0,1.0,maize,32,2025-06-18 00:00:00,2025-06-10 00:00:00,2025-06-25 21:36:00,26.87161518697804
Gadag,2025.0,1.0,groundnut,5,2025-06-11 00:00:00,2025-06-07 09:36:00,2025-06-19 09:36:00,4.532865980022766
Gadag,2025.0,2.0,chickpea,22,2025-11-13 00:00:00,2025-11-08 09:36:00,2025-11-18 00:00:00,24.295517163132786
Gadag,2025.0,2.0,onion,9,2025-10-13 00:00:00,2025-10-08 19:12:00,2025-11-13 00:00:00,13.110311631238307
Gadag,2025.0,2.0,wheat,3,2025-11-13 00:00:00,2025-11-13 00:00:00,2025-11-21 00:00:00,2.813062321328932
Koppal,2025.0,2.0,pigeon_pea,40,2026-01-14 00:00:00,2026-01-04 02:24:00,2026-02-11 02:24:00,30.014219785240353
Koppal,2025.0,2.0,maize,31,2026-01-14 00:00:00,2025-12-02 00:00:00,2026-02-10 00:00:00,16.12988729219371
Koppal,2025.0,2.0,sorghum,17,2026-01-15 00:00:00,2026-01-08 00:00:00,2026-02-19 00:00:00,16.869562510740337
Koppal,2025.0,2.0,chickpea,3,2025-11-05 00:00:00,2025-11-05 00:00:00,2025-12-30 04:48:00,3.321081577696782
Koppal,2026.0,3.0,pigeon_pea,97,2026-03-06 00:00:00,2026-03-05 00:00:00,2026-03-06 00:00:00,99.19945158852506
Koppal,2026.0,3.0,sorghum,4,2026-03-06 00:00:00,2026-03-04 14:24:00,2026-03-06 00:00:00,10.571645916572344
Raichur,2025.0,1.0,pigeon_pea,472,2025-06-01 00:00:00,2025-06-01 00:00:00,2025-06-01 00:00:00,553.7409333035357
Raichur,2025.0,1.0,sunflower,85,2025-06-01 00:00:00,2025-06-01 00:00:00,2025-06-01 00:00:00,68.73436461684972
Raichur,2025.0,1.0,cotton,57,2025-06-01 00:00:00,2025-06-01 00:00:00,2025-06-01 00:00:00,61.787365652676726
Raichur,2025.0,1.0,pearl_millet,31,2025-06-01 00:00:00,2025-06-01 00:00:00,2025-06-01 00:00:00,19.929639829831842
Raichur,2025.0,1.0,paddy,26,2025-06-01 00:00:00,2025-06-01 00:00:00,2025-06-01 00:00:00,41.90318738669817
Raichur,2025.0,1.0,maize,8,2025-06-01 00:00:00,2025-06-01 00:00:00,2025-06-01 00:00:00,4.681607721435163
Raichur,2025.0,1.0,onion,4,2025-06-01 00:00:00,2025-06-01 00:00:00,2025-06-01 00:00:00,3.1962577384024353
Raichur,2025.0,2.0,chickpea,3,2025-10-05 00:00:00,2025-10-05 00:00:00,2025-10-05 00:00:00,5.403316019841424
Tumkur,2025.0,1.0,finger_millet,825,2025-07-16 00:00:00,2025-06-19 00:00:00,2025-08-01 00:00:00,186.45767887365824
Tumkur,2025.0,1.0,sorghum,153,2025-08-08 00:00:00,2025-07-08 04:48:00,2025-09-18 00:00:00,26.962986768488445
Tumkur,2025.0,1.0,horse_gram,115,2025-08-20 00:00:00,2025-07-09 00:00:00,2025-09-18 00:00:00,23.79786473808432
Tumkur,2025.0,1.0,arecanut,8,2025-06-15 00:00:00,2025-06-11 00:00:00,2025-07-15 07:12:00,2.0855848232245227
Tumkur,2025.0,1.0,pigeon_pea,3,2025-08-01 00:00:00,2025-07-18 09:36:00,2025-08-23 09:36:00,0.14076205948566015
Tumkur,2025.0,2.0,sorghum,8,2025-10-15 00:00:00,2025-10-09 00:00:00,2025-10-26 19:12:00,1.2093073568513575
Tumkur,2025.0,2.0,horse_gram,3,2025-10-15 00:00:00,2025-10-14 04:48:00,2025-10-15 00:00:00,0.8571571002453362
