district,sws_code,mws_code,mws_name,n_parcels,area_ha,proposed_rmt,actual_rmt_all_rows,actual_rmt_measured_only,n_parcels_actual_rmt_formula,proposed_waste_weirs,actual_waste_weirs,proposed_spillways,actual_spillways,proposed_farm_ponds,actual_farm_ponds,proposed_horti_plants,actual_horti_plants,proposed_forestry_plants,actual_forestry_plants,proposed_cost_rs,actual_cost_rs,n_parcels_any_actual_work,n_parcels_any_measured_work,share_actual_rmt_formula_imputed,rmt_completion_pct_all_rows,proposed_rmt_measured_rows,rmt_completion_pct_measured_rows,parcels_treated_pct_all,parcels_treated_pct_measured,bund_density_actual_m_per_ha,bund_density_proposed_m_per_ha,cost_completion_pct
Koppal,4D4A2,4D4A2M1c,Muralapur-2,271,444.11,88208.18,56482.5176,21256.81,128,274.0,71.0,6.0,28692.02,2,6,0.0,0.0,0.0,0.0,9631432.02,4385527.40464,219,93,0.47232472324723246,64.03319692119257,45250.0,46.97637569060773,80.81180811808117,34.31734317343174,127.18136857985634,198.61786494336985,45.53349279248716
Koppal,4D4A2,4D4A2M1d,Muralapur-1,295,526.8,105360.0,68841.92,66894.72,8,331.0,171.0,9.0,9.0,0,8,0.0,0.0,600.0,190.0,12287470.0,6252161.688,256,249,0.02711864406779661,65.33971146545178,102930.0,64.99049839696882,86.77966101694915,84.40677966101696,130.67942293090357,200.00000000000003,50.88241670579867
Koppal,4D4A2,4D4A2M1e,Muralapur-4,155,271.61,54322.0,41506.42,17081.68,81,176.0,34.0,7.0,4.0,0,2,2360.0,0.0,560.0,190.0,6432167.0,2959263.988,129,50,0.5225806451612903,76.40812193954567,24168.0,70.67891426679907,83.2258064516129,32.25806451612903,152.81624387909133,200.0,46.007262995503694
Koppal,4D4A2,4D4A2M2a,Gatareddihal-4,202,416.27,83254.0,63050.25,58858.25,3,263.0,116.0,12.0,9.0,0,16,954.0,200.0,480.0,570.0,10819991.0,6709282.85,188,187,0.01485148514851485,75.73239724217456,78014.0,75.44575332632604,93.06930693069307,92.57425742574257,151.4647944843491,200.0,62.008211004981426
Koppal,4D4A2,4D4A2M2b,Gatareddihal-1,272,493.37,98674.0,63222.49,43358.49,78,311.0,80.0,11.0,9.0,0,13,876.0,300.0,520.0,0.0,12529727.0,6203097.986,221,146,0.2867647058823529,64.07208585848349,73844.0,58.716334434754344,81.25,53.6764705882353,128.14417171696698,200.0,49.50704820623785
Koppal,4D4A2,4D4A2M2c,Gatareddihal-3,178,363.66,72732.0,49380.32,49380.32,0,254.0,73.0,7.0,7.0,0,2,2578.0,1470.0,320.0,380.0,8844886.0,3976167.448,167,167,0.0,67.89352692075015,72732.0,67.89352692075015,93.82022471910112,93.82022471910112,135.7870538415003,200.0,44.954422793012824
Koppal,4D4A2,4D4A2M2d,Gatareddihal-2,258,487.95,97590.0,76570.45,76570.45,0,335.0,95.0,3.0,2.0,7,7,5194.0,5194.0,760.0,760.0,11471124.0,5976522.13,241,241,0.0,78.46136899272466,97590.0,78.46136899272466,93.4108527131783,93.4108527131783,156.92273798544932,200.0,52.100579943168604
Koppal,4D4A2,4D4A2M3a,Raghunathanhalli-2,350,385.27,77054.0,53737.7,43509.020000000004,51,198.0,89.0,1.0,0.0,0,2,0.0,0.0,2000.0,3515.0,7530934.0,4324778.478,281,231,0.1457142857142857,69.74031198899473,64580.0,67.37228244038403,80.28571428571429,66.0,139.48062397798947,200.0,57.42685406617559
Koppal,4D4A2,4D4A2M3b,Raghunathanhalli-1,467,450.04,90008.0,59988.44,832.0,376,228.0,0.0,0.0,0.0,0,2,11910.0,5435.0,1240.0,1045.0,9022365.0,3992773.8159999996,380,32,0.8051391862955032,66.64789796462537,17866.0,4.656890182469495,81.37044967880085,6.852248394004283,133.29579592925074,200.0,44.25418186916623
Koppal,4D4A2,4D4A2M3c,Hatti,412,422.99,84598.0,55910.86,10861.26,285,222.0,0.0,1.0,1.0,0,2,14676.0,6476.0,680.0,760.0,8791392.0,4001922.204,347,78,0.691747572815534,66.09004941015154,28286.0,38.39800608074666,84.22330097087378,18.932038834951456,132.18009882030307,200.0,45.52091641460192
Koppal,4D4A2,4D4A2M3d,Kalhalli,473,627.82,125564.0,77308.74,74737.54,9,252.0,127.0,6.0,6.0,0,7,15940.0,12269.0,2440.0,3325.0,14874648.0,9509718.386,389,389,0.019027484143763214,61.56919180656877,122350.0,61.08503473641193,82.24101479915433,82.24101479915433,123.13838361313752,199.99999999999997,63.932392793429464
Koppal,4D4A2,4D4A2M4a,Raghunathanhalli  West-3,249,433.47,86694.0,63835.21,63611.65,1,283.0,153.0,4.0,4.0,0,11,0.0,0.0,1840.0,1425.0,10579066.0,5608475.794,205,205,0.004016064257028112,73.63278888965787,86418.0,73.60925964498136,82.3293172690763,82.3293172690763,147.26557777931575,200.0,53.01484832403919
Koppal,4D4A2,4D4A2M4b,Raghunathanhalli  West-1,294,409.18,81836.0,71867.78,71605.38,1,223.0,36.0,3.0,2.0,0,3,15388.0,6240.0,1200.0,2660.0,10787709.0,5417863.892,272,272,0.003401360544217687,87.81927269172492,81516.0,87.8421168850287,92.51700680272108,92.51700680272108,175.6385453834498,200.0,50.22256247364478
Koppal,4D4A2,4D4A2M4c,Raghunathanhalli  West-2,159,225.84,45168.0,33095.42,0.0,124,143.0,0.0,2.0,1.0,0,0,12371.0,7583.0,1200.0,285.0,5066784.0,2500905.588,124,20,0.779874213836478,73.27182961388594,5294.0,0.0,77.9874213836478,12.578616352201259,146.54365922777185,200.0,49.358835663805685
