district,sws_code,mws_code,kgis_village_code,n_parcels,area_ha,proposed_rmt,actual_rmt_all_rows,actual_rmt_measured_only,n_parcels_actual_rmt_formula,proposed_waste_weirs,actual_waste_weirs,proposed_spillways,actual_spillways,proposed_farm_ponds,actual_farm_ponds,proposed_horti_plants,actual_horti_plants,proposed_forestry_plants,actual_forestry_plants,proposed_cost_rs,actual_cost_rs,n_parcels_any_actual_work,n_parcels_any_measured_work,share_actual_rmt_formula_imputed,rmt_completion_pct_all_rows,proposed_rmt_measured_rows,rmt_completion_pct_measured_rows,parcels_treated_pct_all,parcels_treated_pct_measured,bund_density_actual_m_per_ha,bund_density_proposed_m_per_ha,cost_completion_pct
Koppal,4D4A2,4D4A2M1c,0704020014,165,254.58,50300.0,32886.05,19495.45,53,165.0,68.0,4.0,4.0,0,2,0.0,0.0,0.0,0.0,5315670.0,2699523.9699999997,134,81,0.3212121212121212,65.37982107355866,33970.0,57.390197232852515,81.21212121212122,49.09090909090909,129.1776651740121,197.580328384005,50.78426557705802
Koppal,4D4A2,4D4A2M1c,0805020010,106,189.53,37908.18,23596.4676,1761.3600000000001,75,109.0,3.0,2.0,28688.02,2,4,0.0,0.0,0.0,0.0,4315762.02,1686003.43464,85,12,0.7075471698113207,62.246374265396014,11280.0,15.614893617021277,80.18867924528301,11.320754716981131,124.49990819395346,200.01150213686486,39.06618175021616
Koppal,4D4A2,4D4A2M1d,0704020014,40,71.96,14392.0,10832.08,10832.08,0,51.0,15.0,0.0,0.0,0,2,0.0,0.0,80.0,0.0,1549788.0,879847.912,36,36,0.0,75.26459143968872,14392.0,75.26459143968872,90.0,90.0,150.52918287937743,200.00000000000003,56.77214638389251
Koppal,4D4A2,4D4A2M1d,0704020016,149,246.0,49200.0,32238.0,30290.8,8,147.0,83.0,4.0,4.0,0,4,0.0,0.0,240.0,95.0,5512460.0,2943083.2,118,111,0.053691275167785234,65.52439024390245,46770.0,64.76544793671157,79.19463087248322,74.49664429530202,131.0487804878049,200.0,53.389651806997236
Koppal,4D4A2,4D4A2M1d,0805020010,106,208.84,41768.0,25771.84,25771.84,0,133.0,73.0,5.0,5.0,0,2,0.0,0.0,280.0,95.0,5225222.0,2429230.576,102,102,0.0,61.70235587052289,41768.0,61.70235587052289,96.22641509433963,96.22641509433963,123.40471174104577,200.0,46.490475926190314
Koppal,4D4A2,4D4A2M1e,0704020013,57,78.36,15672.0,10887.97,4304.29,28,51.0,11.0,0.0,0.0,0,1,875.0,0.0,40.0,95.0,1522042.0,750924.658,45,18,0.49122807017543857,69.47403011740684,7544.0,57.05580593849417,78.94736842105263,31.57894736842105,138.94806023481368,200.0,49.33665812112938
Koppal,4D4A2,4D4A2M1e,0704020016,39,71.89,14378.0,13872.51,12777.39,5,54.0,23.0,0.0,0.0,0,0,1485.0,0.0,520.0,95.0,1598501.0,809311.014,36,31,0.1282051282051282,96.48428154124356,13026.0,98.09143251957623,92.3076923076923,79.48717948717949,192.96856308248712,200.0,50.62937176767483
Koppal,4D4A2,4D4A2M1e,0805010001,31,62.0,12400.0,8756.1,0.0,25,34.0,0.0,3.0,2.0,0,1,0.0,0.0,0.0,0.0,1489590.0,788350.54,25,1,0.8064516129032258,70.61370967741935,1590.0,0.0,80.64516129032258,3.225806451612903,141.2274193548387,200.0,52.92399519330822
Koppal,4D4A2,4D4A2M1e,0805020010,28,59.36,11872.0,7989.84,0.0,23,37.0,0.0,4.0,2.0,0,0,0.0,0.0,0.0,0.0,1822034.0,610677.776,23,0,0.8214285714285714,67.29986522911051,2008.0,0.0,82.14285714285714,0.0,134.59973045822102,200.0,33.51626676560371
Koppal,4D4A2,4D4A2M2a,0704020002,108,245.24,49048.0,36992.090000000004,32800.090000000004,3,148.0,71.0,7.0,5.0,0,13,400.0,200.0,400.0,570.0,6530332.0,4191511.426,100,99,0.027777777777777776,75.42018023160986,43808.0,74.87237490869249,92.5925925925926,91.66666666666667,150.84036046321972,200.0,64.18527306115524
Koppal,4D4A2,4D4A2M2a,0704020014,78,143.77,28754.0,20913.62,20913.62,0,102.0,35.0,3.0,3.0,0,2,554.0,0.0,80.0,0.0,3460677.0,2030107.068,72,72,0.0,72.73290672602073,28754.0,72.73290672602073,92.3076923076923,92.3076923076923,145.46581345204143,199.99999999999997,58.66213657038782
Koppal,4D4A2,4D4A2M2a,0805020013,16,27.26,5452.0,5144.54,5144.54,0,13.0,10.0,2.0,1.0,0,1,0.0,0.0,0.0,0.0,828982.0,487664.356,16,16,0.0,94.36060161408658,5452.0,94.36060161408658,100.0,100.0,188.72120322817312,200.0,58.82689322566714
Koppal,4D4A2,4D4A2M2b,0704020002,272,493.37,98674.0,63222.49,43358.49,78,311.0,80.0,11.0,9.0,0,13,876.0,300.0,520.0,0.0,12529727.0,6203097.986,221,146,0.2867647058823529,64.07208585848349,73844.0,58.716334434754344,81.25,53.6764705882353,128.14417171696698,200.0,49.50704820623785
Koppal,4D4A2,4D4A2M2c,0704020002,133,278.62,55724.0,37408.28,37408.28,0,198.0,63.0,6.0,6.0,0,2,1470.0,1470.0,200.0,285.0,6813062.0,3214139.5919999997,126,126,0.0,67.13136171129136,55724.0,67.13136171129136,94.73684210526316,94.73684210526316,134.26272342258272,200.0,47.1761388932025
Koppal,4D4A2,4D4A2M2c,0704020014,34,56.41,11282.0,8073.22,8073.22,0,35.0,2.0,1.0,1.0,0,0,1108.0,0.0,80.0,95.0,1494212.0,531492.508,30,30,0.0,71.55841162914376,11282.0,71.55841162914376,88.23529411764706,88.23529411764706,143.11682325828755,200.0,35.57008697560989
Koppal,4D4A2,4D4A2M2c,0704020016,11,28.630000000000003,5726.0,3898.8199999999997,3898.8199999999997,0,21.0,8.0,0.0,0.0,0,0,0.0,0.0,40.0,0.0,537612.0,230535.348,11,11,0.0,68.08976597974153,5726.0,68.08976597974153,100.0,100.0,136.17953195948303,199.99999999999997,42.881362023169125
Koppal,4D4A2,4D4A2M2d,,1,2.36,472.0,357.82,357.82,0,2.0,1.0,0.0,0.0,0,0,0.0,0.0,0.0,0.0,50608.0,22158.948,1,1,0.0,75.80932203389831,472.0,75.80932203389831,100.0,100.0,151.61864406779662,200.0,43.78546474865634
Koppal,4D4A2,4D4A2M2d,0704020002,121,253.45,50690.0,38592.24,38592.24,0,182.0,63.0,2.0,1.0,4,4,0.0,0.0,240.0,190.0,6359404.0,2888178.136,113,113,0.0,76.13383310317617,50690.0,76.13383310317617,93.38842975206612,93.38842975206612,152.26766620635235,200.0,45.41586186378472
Koppal,4D4A2,4D4A2M2d,0704020013,61,97.71000000000001,19542.0,15451.19,15451.19,0,53.0,21.0,0.0,0.0,1,0,0.0,0.0,200.0,190.0,1680348.0,892153.166,52,52,0.0,79.06657455736362,19542.0,79.06657455736362,85.24590163934427,85.24590163934427,158.13314911472725,199.99999999999997,53.09335720933996
Koppal,4D4A2,4D4A2M2d,0704020016,75,134.43,26886.0,22169.2,22169.2,0,98.0,10.0,1.0,1.0,2,3,5194.0,5194.0,320.0,380.0,3380764.0,2174031.88,75,75,0.0,82.45629695752436,26886.0,82.45629695752436,100.0,100.0,164.91259391504872,200.0,64.30593439826028
Koppal,4D4A2,4D4A2M3a,0704020013,195,195.48,39096.0,31187.19,26447.59,26,95.0,59.0,0.0,0.0,0,1,0.0,0.0,1240.0,2660.0,3671722.0,2242906.016,173,147,0.13333333333333333,79.77079496623695,33316.0,79.38404970584705,88.71794871794872,75.38461538461539,159.54158993247393,200.0,61.085943216833954
Koppal,4D4A2,4D4A2M3a,0704020017,6,5.1,1020.0,713.48,324.8,2,2.0,0.0,0.0,0.0,0,0,0.0,0.0,0.0,0.0,89228.0,36672.872,5,3,0.3333333333333333,69.94901960784314,546.0,59.48717948717949,83.33333333333333,50.0,139.89803921568628,200.0,41.10018379880755
Koppal,4D4A2,4D4A2M3a,0704020018,76,83.19,16638.0,10674.09,10283.77,2,37.0,20.0,1.0,0.0,0,0,0.0,0.0,160.0,190.0,1607510.0,1243019.924,48,46,0.02631578947368421,64.15488640461594,16162.0,63.62931567875263,63.1578947368421,60.526315789473685,128.30977280923187,200.0,77.32579728897488
Koppal,4D4A2,4D4A2M3a,0704020029,30,37.97,7594.0,3862.42,3404.86,2,26.0,10.0,0.0,0.0,0,0,0.0,0.0,400.0,475.0,800880.0,275595.93799999997,22,20,0.06666666666666667,50.86146958124836,7036.0,48.3919840818647,73.33333333333333,66.66666666666667,101.72293916249671,200.0,34.411639446608724
Koppal,4D4A2,4D4A2M3a,0805010001,43,63.53,12706.0,7300.52,3048.0,19,38.0,0.0,0.0,0.0,0,1,0.0,0.0,200.0,190.0,1361594.0,526583.728,33,15,0.4418604651162791,57.45726428458996,7520.0,40.53191489361702,76.74418604651163,34.883720930232556,114.91452856917992,200.0,38.67406348735379
Koppal,4D4A2,4D4A2M3b,0704020017,111,92.28,18456.0,9001.960000000001,0.0,58,41.0,0.0,0.0,0.0,0,0,2437.0,1169.0,200.0,190.0,1945735.0,674871.744,58,9,0.5225225225225225,48.775249241439106,7478.0,0.0,52.252252252252255,8.108108108108109,97.55049848287821,200.0,34.68466898113052
Koppal,4D4A2,4D4A2M3b,0704020018,139,108.38,21676.0,16298.52,320.0,129,49.0,0.0,0.0,0.0,0,2,6679.0,3709.0,760.0,855.0,2753774.0,1447037.928,131,17,0.9280575539568345,75.19154825613582,2190.0,14.61187214611872,94.24460431654676,12.23021582733813,150.38309651227163,200.0,52.54744681299192
Koppal,4D4A2,4D4A2M3b,0704020029,171,162.5,32500.0,24276.92,0.0,153,84.0,0.0,0.0,0.0,0,0,2794.0,557.0,0.0,0.0,2905254.0,1335736.6879999998,153,4,0.8947368421052632,74.69821538461538,2894.0,0.0,89.47368421052632,2.3391812865497075,149.39643076923076,200.0,45.97658889721862
Koppal,4D4A2,4D4A2M3b,0805010001,46,86.88,17376.0,10411.039999999999,512.0,36,54.0,0.0,0.0,0.0,0,0,0.0,0.0,280.0,0.0,1417602.0,535127.456,38,2,0.782608695652174,59.91620626151012,5304.0,9.653092006033182,82.6086956521739,4.3478260869565215,119.83241252302025,200.0,37.74877969980291
Koppal,4D4A2,4D4A2M3c,0704020017,226,250.09,50018.0,29673.6,4454.4,147,138.0,0.0,0.0,0.0,0,0,8543.0,2282.0,240.0,0.0,4964616.0,1793071.04,174,33,0.6504424778761062,59.325842696629216,18494.0,24.085649399805337,76.99115044247787,14.601769911504425,118.65168539325842,200.0,36.1170136824278
Koppal,4D4A2,4D4A2M3c,0704020029,154,134.44,26888.0,20586.06,4998.86,118,61.0,0.0,0.0,0.0,0,2,1385.0,0.0,240.0,380.0,2568260.0,1395759.484,144,27,0.7662337662337663,76.5622582564713,7404.0,67.51566720691517,93.50649350649351,17.532467532467532,153.1245165129426,200.0,54.346502456916355
Koppal,4D4A2,4D4A2M3c,0704020031,32,38.46,7692.0,5651.2,1408.0,20,23.0,0.0,1.0,1.0,0,0,4748.0,4194.0,200.0,380.0,1258516.0,813091.6799999999,29,18,0.625,73.46853874154966,2388.0,58.96147403685092,90.625,56.25,146.93707748309933,200.0,64.60717861354166
Koppal,4D4A2,4D4A2M3d,0704020001,156,160.94,32188.0,25110.31,25110.31,0,58.0,52.0,2.0,2.0,0,2,1402.0,0.0,840.0,285.0,3388805.0,2228671.45,152,152,0.0,78.01140176463278,32188.0,78.01140176463278,97.43589743589743,97.43589743589743,156.0228035292656,200.0,65.7657035444648
Koppal,4D4A2,4D4A2M3d,0704020027,133,186.19,37238.0,23450.26,23450.26,0,75.0,37.0,2.0,2.0,0,3,1662.0,831.0,1600.0,3040.0,4343744.0,3578041.52,119,119,0.0,62.974005048606266,37238.0,62.974005048606266,89.47368421052632,89.47368421052632,125.94801009721252,200.0,82.37229265813086
Koppal,4D4A2,4D4A2M3d,0704020031,184,280.69,56138.0,28748.170000000002,26176.97,9,119.0,38.0,2.0,2.0,0,2,12876.0,11438.0,0.0,0.0,7142099.0,3703005.416,118,118,0.04891304347826087,51.209822223805624,52924.0,49.46143526566397,64.1304347826087,64.1304347826087,102.41964444761125,200.0,51.84757892602721
Koppal,4D4A2,4D4A2M4a,0704020002,15,43.62,8724.0,6411.8,6411.8,0,23.0,0.0,0.0,0.0,0,0,0.0,0.0,0.0,0.0,879936.0,329566.52,12,12,0.0,73.49610270518112,8724.0,73.49610270518112,80.0,80.0,146.99220541036223,200.0,37.453464797439814
Koppal,4D4A2,4D4A2M4a,0704020013,229,382.73,76546.0,57423.409999999996,57199.85,1,255.0,153.0,4.0,4.0,0,11,0.0,0.0,1840.0,1425.0,9549894.0,5278909.274,193,193,0.004366812227074236,75.01817207953387,76270.0,74.9965255015078,84.27947598253274,84.27947598253274,150.03634415906774,200.0,55.27715044795262
Koppal,4D4A2,4D4A2M4a,0704020017,5,7.12,1424.0,0.0,0.0,0,5.0,0.0,0.0,0.0,0,0,0.0,0.0,0.0,0.0,149236.0,0.0,0,0,0.0,0.0,1424.0,0.0,0.0,0.0,0.0,200.0,0.0
Koppal,4D4A2,4D4A2M4b,0704020001,112,190.82,38164.0,35465.26,35202.86,1,106.0,0.0,0.0,0.0,0,1,11146.0,3832.0,720.0,1710.0,4945161.0,2479875.364,111,111,0.008928571428571428,92.92857142857143,37844.0,93.02098086882994,99.10714285714286,99.10714285714286,185.85714285714286,200.0,50.14751519717963
Koppal,4D4A2,4D4A2M4b,0704020013,37,54.68,10936.0,8447.74,8447.74,0,31.0,22.0,2.0,2.0,0,0,1585.0,200.0,120.0,95.0,1622340.0,752215.836,36,36,0.0,77.24707388441844,10936.0,77.24707388441844,97.29729729729729,97.29729729729729,154.49414776883685,200.0,46.36610303635489
Koppal,4D4A2,4D4A2M4b,0704020017,145,163.68,32736.0,27954.78,27954.78,0,86.0,14.0,1.0,0.0,0,2,2657.0,2208.0,360.0,855.0,4220208.0,2185772.692,125,125,0.0,85.39461143695014,32736.0,85.39461143695014,86.20689655172414,86.20689655172414,170.7892228739003,200.0,51.79300859104575
Koppal,4D4A2,4D4A2M4c,0704020001,153,217.87,43574.0,31936.74,0.0,119,137.0,0.0,2.0,1.0,0,0,11163.0,7583.0,1200.0,285.0,4766368.0,2441349.4359999998,119,20,0.7777777777777778,73.29311057052371,5096.0,0.0,77.77777777777777,13.071895424836601,146.58622114104742,200.0,51.22033036475572
Koppal,4D4A2,4D4A2M4c,0704020027,6,7.97,1594.0,1158.6799999999998,0.0,5,6.0,0.0,0.0,0.0,0,0,1208.0,0.0,0.0,0.0,300416.0,59556.151999999995,5,0,0.8333333333333334,72.6900878293601,198.0,0.0,83.33333333333333,0.0,145.3801756587202,200.0,19.82456060928845
