sl_no,district_as_written,district_std,sws_code,n_mws,n_parcels_private,n_parcels_common,n_parcels_total,avg_parcels_per_mws,iva_parcels_in_3_mws,iva_10pct_sample,iva_sample_per_mws,mws_30pct,mis_received,in_field_survey_2025_26,benchmark_sites_institution,benchmark_sites_institution_note
1,Kalburgi,Kalaburagi,,12,3634,170,3804,317,951,95.10000000000001,31.700000000000003,3.5999999999999996,0,0,UASR,institution assignment inferred from the SWS names in the workbooks; confirm against your monitoring contracts
2,Chikkaballapura,Chikkaballapura,,8,5201,101,5302,662.75,1988.25,198.82500000000002,66.275,2.4,0,0,UASB,institution assignment inferred from the SWS names in the workbooks; confirm against your monitoring contracts
3,Chikkamagalur,Chikkamagaluru,,13,5333,142,5475,421.15384615384613,1263.4615384615383,126.34615384615384,42.11538461538461,3.9,0,0,UAHS,institution assignment inferred from the SWS names in the workbooks; confirm against your monitoring contracts
4,Davanagere,Davanagere,,9,4775,68,4843,538.1111111111111,1614.3333333333333,161.43333333333334,53.81111111111111,2.6999999999999997,0,0,UAHS,institution assignment inferred from the SWS names in the workbooks; confirm against your monitoring contracts
5,Kolar,Kolar,,10,16443,75,16518,1651.8,4955.4,495.53999999999996,165.17999999999998,3,0,0,UASB,institution assignment inferred from the SWS names in the workbooks; confirm against your monitoring contracts
6,Chamarajnagar,Chamarajanagar,,10,9285,116,9401,940.1,2820.3,282.03000000000003,94.01,3,0,1,UASB,institution assignment inferred from the SWS names in the workbooks; confirm against your monitoring contracts
7,Tumkur,Tumkur,,10,8423,237,8660,866,2598,259.8,86.60000000000001,3,0,1,UASB,institution assignment inferred from the SWS names in the workbooks; confirm against your monitoring contracts
8,Chitradurga,Chitradurga,,7,4252,189,4441,634.4285714285714,1903.2857142857142,190.32857142857142,63.44285714285714,2.1,0,1,UAHS/UASB,institution assignment inferred from the SWS names in the workbooks; confirm against your monitoring contracts
9,Gadag,Gadag,,14,4513,65,4578,327,981,98.10000000000001,32.7,4.2,0,1,UASD,institution assignment inferred from the SWS names in the workbooks; confirm against your monitoring contracts
10,Haveri,Haveri,,5,7351,92,7443,1488.6,4465.799999999999,446.5799999999999,148.85999999999999,1.5,0,0,UASD,institution assignment inferred from the SWS names in the workbooks; confirm against your monitoring contracts
11,Raichur,Raichur,,9,3876,112,3988,443.1111111111111,1329.3333333333333,132.93333333333334,44.31111111111111,2.6999999999999997,0,1,UASR,institution assignment inferred from the SWS names in the workbooks; confirm against your monitoring contracts
12,Bidar,Bidar,,9,5282,118,5400,600,1800,180,60,2.6999999999999997,0,1,UHSB,institution assignment inferred from the SWS names in the workbooks; confirm against your monitoring contracts
13,Vijayapura,Vijayapura,,9,3364,58,3422,380.22222222222223,1140.6666666666667,114.06666666666668,38.022222222222226,2.6999999999999997,0,0,UHSB,institution assignment inferred from the SWS names in the workbooks; confirm against your monitoring contracts
14,Yadgir,Yadgir,,11,5220,486,5706,518.7272727272727,1556.1818181818182,155.61818181818182,51.872727272727275,3.3,0,0,,institution assignment inferred from the SWS names in the workbooks; confirm against your monitoring contracts
15,Koppal,Koppal,4D4A2,14,4035,176,4211,300.7857142857143,902.3571428571429,90.2357142857143,30.078571428571433,4.2,1,1,UASR,institution assignment inferred from the SWS names in the workbooks; confirm against your monitoring contracts
16,Dhawad,Dharwad,,7,5431,34,5465,780.7142857142857,2342.142857142857,234.2142857142857,78.07142857142857,2.1,0,0,UASD,institution assignment inferred from the SWS names in the workbooks; confirm against your monitoring contracts
17,Bagalkot,Bagalkot,,8,6517,68,6585,823.125,2469.375,246.9375,82.3125,2.4,0,0,UHSB,institution assignment inferred from the SWS names in the workbooks; confirm against your monitoring contracts
18,Belgaum,Belagavi,,6,3239,229,3468,578,1734,173.4,57.800000000000004,1.7999999999999998,0,0,UASD,institution assignment inferred from the SWS names in the workbooks; confirm against your monitoring contracts
19,Shivamogga,Shivamogga,,11,7300,76,7376,670.5454545454545,2011.6363636363635,201.16363636363636,67.05454545454545,3.3,0,0,UAHS,institution assignment inferred from the SWS names in the workbooks; confirm against your monitoring contracts
20,Hasan,Hassan,,9,9247,287,9534,1059.3333333333333,3178,317.8,105.93333333333334,2.6999999999999997,0,0,UASB,institution assignment inferred from the SWS names in the workbooks; confirm against your monitoring contracts
