SWSiD_All,name,phase,phase_label,n_rings,core_area,treatment_year
1,Artal,2,Saturation Ph 2,5,4632.33845007,2022.0
2,Beguru,2,Saturation Ph 2,5,8779.04187878,2022.0
3,Chhatrakodihalli,2,Saturation Ph 2,5,7368.54234387,2022.0
4,Chittharagi,2,Saturation Ph 2,5,7156.78353539,2022.0
5,Doddenahalli,2,Saturation Ph 2,5,6984.57979101,2022.0
6,Gummlapalli,2,Saturation Ph 2,5,5852.09024849,2022.0
7,Haligeri,1,Saturation Ph 1,5,6192.480834,
8,Honnutagi,1,Saturation Ph 1,5,6166.32943457,
9,Hunasehadagi,1,Saturation Ph 1,5,6681.24910028,
10,Jammapur,1,Saturation Ph 1,5,4946.41211813,
11,Jantapur,1,Saturation Ph 1,5,6470.06345755,
12,Kodihalli,2,Saturation Ph 2,5,4399.09048904,2022.0
13,Koranahalli,1,Saturation Ph 1,5,6740.85829309,
14,Kyatagondanahalli,2,Saturation Ph 2,5,5452.92608478,2022.0
15,Maidalakere,1,Saturation Ph 1,5,5252.69108092,
16,Mallainupura,1,Saturation Ph 1,5,5485.65288735,
17,Murlapura,1,Saturation Ph 1,5,5988.18252922,
18,Nilgund,1,Saturation Ph 1,5,6477.98594063,
19,Pashapur,1,Saturation Ph 1,5,6405.30471154,
20,Sirur,2,Saturation Ph 2,5,6446.44426586,2022.0
