model,name,status,status_pooled_20_projected,model_own_gap,panel_caveats,what_is_missing,what_completes_it,reason,settings,notes
M01,Canonical 2x2 TWFE,limited,complete,,"C1, C2, C3","C1: other sub-watersheds (treated areas); C2: the Phase-1 implementation year (blank in data/sites/sites.csv); C3: one export for every year, on one pixel grid","the pooled 20-sub-watershed run (every model pools the sub-watersheds of its panel automatically -- v20.57: after the fragment rule); date it: TREATMENT_TIMING = 'fund' (your fund workbook, the v20.57 default) or fill treatment_year for the Phase-1 rows of data/sites/sites.csv ('registry'); every model uses it when it runs; rebuild P00 at PIXEL_OVERLAP_MIN 0.65 (links ~95 %), report POST_YEARS to 2024 as the main result and the full window as robustness -- or re-export [2025] with the earlier processing",identified on this panel,POST_YEARS = 3 (post period 2022-2024; [2025] carry a different treated population / index level); BALANCED_PIXELS = True in M02 (or C.common_pixel_mask) when the window includes [2025],"treated group = 619,271 pixels seen throughout"
M02,Event study,limited,complete,,"C1, C2, C3","C1: other sub-watersheds (treated areas); C2: the Phase-1 implementation year (blank in data/sites/sites.csv); C3: one export for every year, on one pixel grid","the pooled 20-sub-watershed run (every model pools the sub-watersheds of its panel automatically -- v20.57: after the fragment rule); date it: TREATMENT_TIMING = 'fund' (your fund workbook, the v20.57 default) or fill treatment_year for the Phase-1 rows of data/sites/sites.csv ('registry'); every model uses it when it runs; rebuild P00 at PIXEL_OVERLAP_MIN 0.65 (links ~95 %), report POST_YEARS to 2024 as the main result and the full window as robustness -- or re-export [2025] with the earlier processing",identified on this panel,POST_YEARS = 3 (post period 2022-2024; [2025] carry a different treated population / index level); BALANCED_PIXELS = True in M02 (or C.common_pixel_mask) when the window includes [2025],"2025 coefficient = footprint/level change, not an effect; read identification_note"
M03,Doubly robust AIPW,limited,complete,,"C1, C2, C3","C1: other sub-watersheds (treated areas); C2: the Phase-1 implementation year (blank in data/sites/sites.csv); C3: one export for every year, on one pixel grid","the pooled 20-sub-watershed run (every model pools the sub-watersheds of its panel automatically -- v20.57: after the fragment rule); date it: TREATMENT_TIMING = 'fund' (your fund workbook, the v20.57 default) or fill treatment_year for the Phase-1 rows of data/sites/sites.csv ('registry'); every model uses it when it runs; rebuild P00 at PIXEL_OVERLAP_MIN 0.65 (links ~95 %), report POST_YEARS to 2024 as the main result and the full window as robustness -- or re-export [2025] with the earlier processing",identified on this panel,POST_YEARS = 3 (post period 2022-2024; [2025] carry a different treated population / index level); BALANCED_PIXELS = True in M02 (or C.common_pixel_mask) when the window includes [2025],
M04,Changes-in-changes,limited,complete,,"C1, C2, C3","C1: other sub-watersheds (treated areas); C2: the Phase-1 implementation year (blank in data/sites/sites.csv); C3: one export for every year, on one pixel grid","the pooled 20-sub-watershed run (every model pools the sub-watersheds of its panel automatically -- v20.57: after the fragment rule); date it: TREATMENT_TIMING = 'fund' (your fund workbook, the v20.57 default) or fill treatment_year for the Phase-1 rows of data/sites/sites.csv ('registry'); every model uses it when it runs; rebuild P00 at PIXEL_OVERLAP_MIN 0.65 (links ~95 %), report POST_YEARS to 2024 as the main result and the full window as robustness -- or re-export [2025] with the earlier processing",identified on this panel,POST_YEARS = 3 (post period 2022-2024; [2025] carry a different treated population / index level); BALANCED_PIXELS = True in M02 (or C.common_pixel_mask) when the window includes [2025],
M05,Callaway-Sant'Anna,incomplete-need data,complete,needs >=2 treatment cohorts; treated pixels form 1 cohort (single site) -- collapses to the 2x2 design M01 already gives,"C1, C2, C3","needs >=2 treatment cohorts; treated pixels form 1 cohort (single site) -- collapses to the 2x2 design M01 already gives; C1: other sub-watersheds (treated areas); C2: the Phase-1 implementation year (blank in data/sites/sites.csv); C3: one export for every year, on one pixel grid","the pooled 20-sub-watershed run with Phase-1 years filled (two cohorts); the pooled 20-sub-watershed run (every model pools the sub-watersheds of its panel automatically -- v20.57: after the fragment rule); date it: TREATMENT_TIMING = 'fund' (your fund workbook, the v20.57 default) or fill treatment_year for the Phase-1 rows of data/sites/sites.csv ('registry'); every model uses it when it runs; rebuild P00 at PIXEL_OVERLAP_MIN 0.65 (links ~95 %), report POST_YEARS to 2024 as the main result and the full window as robustness -- or re-export [2025] with the earlier processing",needs >=2 treatment cohorts; treated pixels form 1 cohort (single site) -- collapses to the 2x2 design M01 already gives,,
M06,Continuous dose-response,incomplete-need data,limited,"dose_per_subwshed does not vary across treated units (one site, one dose)","C1, C2, C3, C5","dose_per_subwshed does not vary across treated units (one site, one dose); C1: other sub-watersheds (treated areas); C2: the Phase-1 implementation year (blank in data/sites/sites.csv); C3: one export for every year, on one pixel grid; C5: releases from implementation (2022) to the file's start (Oct 2024 (file covers 2024-10 .. 2026-07))","the pooled 20-sub-watershed run; the pooled 20-sub-watershed run (every model pools the sub-watersheds of its panel automatically -- v20.57: after the fragment rule); date it: TREATMENT_TIMING = 'fund' (your fund workbook, the v20.57 default) or fill treatment_year for the Phase-1 rows of data/sites/sites.csv ('registry'); every model uses it when it runs; rebuild P00 at PIXEL_OVERLAP_MIN 0.65 (links ~95 %), report POST_YEARS to 2024 as the main result and the full window as robustness -- or re-export [2025] with the earlier processing; a fund file from the programme start","dose_per_subwshed does not vary across treated units (one site, one dose)",,
M07,Surrogate index,incomplete-need data,limited,needs ground_truth_outcomes.csv (field survey / benchmark workbooks linked by P08); needs >= 6 sub-watershed x season means of the ground data (this panel gives 3) -- the pooled run over the sub-watersheds,"C1, C2, C3, C6","needs ground_truth_outcomes.csv (field survey / benchmark workbooks linked by P08); needs >= 6 sub-watershed x season means of the ground data (this panel gives 3) -- the pooled run over the sub-watersheds; C1: other sub-watersheds (treated areas); C2: the Phase-1 implementation year (blank in data/sites/sites.csv); C3: one export for every year, on one pixel grid; C6: benchmark-site (BM) values before 2022","ground_truth_outcomes.csv (field outcomes per site x year); the pooled 20-sub-watershed run (every model pools the sub-watersheds of its panel automatically -- v20.57: after the fragment rule); date it: TREATMENT_TIMING = 'fund' (your fund workbook, the v20.57 default) or fill treatment_year for the Phase-1 rows of data/sites/sites.csv ('registry'); every model uses it when it runs; rebuild P00 at PIXEL_OVERLAP_MIN 0.65 (links ~95 %), report POST_YEARS to 2024 as the main result and the full window as robustness -- or re-export [2025] with the earlier processing; the pooled run over the sub-watersheds (P00 P08b fits the surrogates automatically)",needs ground_truth_outcomes.csv (field survey / benchmark workbooks linked by P08); needs >= 6 sub-watershed x season means of the ground data (this panel gives 3) -- the pooled run over the sub-watersheds,,
M08,Instrumented DiD,incomplete-need data,incomplete-need data,needs rollout_instrument.csv (no instrument for programme timing exists),"C1, C2, C3","needs rollout_instrument.csv (no instrument for programme timing exists); C1: other sub-watersheds (treated areas); C2: the Phase-1 implementation year (blank in data/sites/sites.csv); C3: one export for every year, on one pixel grid","rollout_instrument.csv; the pooled 20-sub-watershed run (every model pools the sub-watersheds of its panel automatically -- v20.57: after the fragment rule); date it: TREATMENT_TIMING = 'fund' (your fund workbook, the v20.57 default) or fill treatment_year for the Phase-1 rows of data/sites/sites.csv ('registry'); every model uses it when it runs; rebuild P00 at PIXEL_OVERLAP_MIN 0.65 (links ~95 %), report POST_YEARS to 2024 as the main result and the full window as robustness -- or re-export [2025] with the earlier processing",needs rollout_instrument.csv (no instrument for programme timing exists),,
M09,Sun-Abraham,incomplete-need data,complete,needs >=2 treatment cohorts; treated pixels form 1 cohort (single site) -- collapses to the 2x2 design M01 already gives,"C1, C2, C3","needs >=2 treatment cohorts; treated pixels form 1 cohort (single site) -- collapses to the 2x2 design M01 already gives; C1: other sub-watersheds (treated areas); C2: the Phase-1 implementation year (blank in data/sites/sites.csv); C3: one export for every year, on one pixel grid","the pooled 20-sub-watershed run with Phase-1 years filled (two cohorts); the pooled 20-sub-watershed run (every model pools the sub-watersheds of its panel automatically -- v20.57: after the fragment rule); date it: TREATMENT_TIMING = 'fund' (your fund workbook, the v20.57 default) or fill treatment_year for the Phase-1 rows of data/sites/sites.csv ('registry'); every model uses it when it runs; rebuild P00 at PIXEL_OVERLAP_MIN 0.65 (links ~95 %), report POST_YEARS to 2024 as the main result and the full window as robustness -- or re-export [2025] with the earlier processing",needs >=2 treatment cohorts; treated pixels form 1 cohort (single site) -- collapses to the 2x2 design M01 already gives,,
M10,Triple differences,limited,complete,,"C1, C2, C3","C1: other sub-watersheds (treated areas); C2: the Phase-1 implementation year (blank in data/sites/sites.csv); C3: one export for every year, on one pixel grid","the pooled 20-sub-watershed run (every model pools the sub-watersheds of its panel automatically -- v20.57: after the fragment rule); date it: TREATMENT_TIMING = 'fund' (your fund workbook, the v20.57 default) or fill treatment_year for the Phase-1 rows of data/sites/sites.csv ('registry'); every model uses it when it runs; rebuild P00 at PIXEL_OVERLAP_MIN 0.65 (links ~95 %), report POST_YEARS to 2024 as the main result and the full window as robustness -- or re-export [2025] with the earlier processing",identified on this panel,POST_YEARS = 3 (post period 2022-2024; [2025] carry a different treated population / index level); BALANCED_PIXELS = True in M02 (or C.common_pixel_mask) when the window includes [2025],assumes LandUse varies among the treated pixels -- run R.model_readiness() on the machine to confirm
M11,Synthetic DiD,limited,complete,,"C1, C2, C3","C1: other sub-watersheds (treated areas); C2: the Phase-1 implementation year (blank in data/sites/sites.csv); C3: one export for every year, on one pixel grid","the pooled 20-sub-watershed run (every model pools the sub-watersheds of its panel automatically -- v20.57: after the fragment rule); date it: TREATMENT_TIMING = 'fund' (your fund workbook, the v20.57 default) or fill treatment_year for the Phase-1 rows of data/sites/sites.csv ('registry'); every model uses it when it runs; rebuild P00 at PIXEL_OVERLAP_MIN 0.65 (links ~95 %), report POST_YEARS to 2024 as the main result and the full window as robustness -- or re-export [2025] with the earlier processing",identified on this panel,POST_YEARS = 3 (post period 2022-2024; [2025] carry a different treated population / index level); BALANCED_PIXELS = True in M02 (or C.common_pixel_mask) when the window includes [2025],
M12,Chained DiD,limited,complete,,"C1, C2, C3","C1: other sub-watersheds (treated areas); C2: the Phase-1 implementation year (blank in data/sites/sites.csv); C3: one export for every year, on one pixel grid","the pooled 20-sub-watershed run (every model pools the sub-watersheds of its panel automatically -- v20.57: after the fragment rule); date it: TREATMENT_TIMING = 'fund' (your fund workbook, the v20.57 default) or fill treatment_year for the Phase-1 rows of data/sites/sites.csv ('registry'); every model uses it when it runs; rebuild P00 at PIXEL_OVERLAP_MIN 0.65 (links ~95 %), report POST_YEARS to 2024 as the main result and the full window as robustness -- or re-export [2025] with the earlier processing",identified on this panel,POST_YEARS = 3 (post period 2022-2024; [2025] carry a different treated population / index level); BALANCED_PIXELS = True in M02 (or C.common_pixel_mask) when the window includes [2025],
M13,Switcher DiD,limited,complete,,"C1, C2, C3","C1: other sub-watersheds (treated areas); C2: the Phase-1 implementation year (blank in data/sites/sites.csv); C3: one export for every year, on one pixel grid","the pooled 20-sub-watershed run (every model pools the sub-watersheds of its panel automatically -- v20.57: after the fragment rule); date it: TREATMENT_TIMING = 'fund' (your fund workbook, the v20.57 default) or fill treatment_year for the Phase-1 rows of data/sites/sites.csv ('registry'); every model uses it when it runs; rebuild P00 at PIXEL_OVERLAP_MIN 0.65 (links ~95 %), report POST_YEARS to 2024 as the main result and the full window as robustness -- or re-export [2025] with the earlier processing",identified on this panel,POST_YEARS = 3 (post period 2022-2024; [2025] carry a different treated population / index level); BALANCED_PIXELS = True in M02 (or C.common_pixel_mask) when the window includes [2025],
M14,PSM DiD,limited,complete,,"C1, C2, C3","C1: other sub-watersheds (treated areas); C2: the Phase-1 implementation year (blank in data/sites/sites.csv); C3: one export for every year, on one pixel grid","the pooled 20-sub-watershed run (every model pools the sub-watersheds of its panel automatically -- v20.57: after the fragment rule); date it: TREATMENT_TIMING = 'fund' (your fund workbook, the v20.57 default) or fill treatment_year for the Phase-1 rows of data/sites/sites.csv ('registry'); every model uses it when it runs; rebuild P00 at PIXEL_OVERLAP_MIN 0.65 (links ~95 %), report POST_YEARS to 2024 as the main result and the full window as robustness -- or re-export [2025] with the earlier processing",identified on this panel,POST_YEARS = 3 (post period 2022-2024; [2025] carry a different treated population / index level); BALANCED_PIXELS = True in M02 (or C.common_pixel_mask) when the window includes [2025],
M15,Placebo false timing,limited,complete,,"C1, C2, C3","C1: other sub-watersheds (treated areas); C2: the Phase-1 implementation year (blank in data/sites/sites.csv); C3: one export for every year, on one pixel grid","the pooled 20-sub-watershed run (every model pools the sub-watersheds of its panel automatically -- v20.57: after the fragment rule); date it: TREATMENT_TIMING = 'fund' (your fund workbook, the v20.57 default) or fill treatment_year for the Phase-1 rows of data/sites/sites.csv ('registry'); every model uses it when it runs; rebuild P00 at PIXEL_OVERLAP_MIN 0.65 (links ~95 %), report POST_YEARS to 2024 as the main result and the full window as robustness -- or re-export [2025] with the earlier processing",identified on this panel,POST_YEARS = 3 (post period 2022-2024; [2025] carry a different treated population / index level); BALANCED_PIXELS = True in M02 (or C.common_pixel_mask) when the window includes [2025],
M16,Joint pre-trends F,limited,complete,,"C1, C2, C3","C1: other sub-watersheds (treated areas); C2: the Phase-1 implementation year (blank in data/sites/sites.csv); C3: one export for every year, on one pixel grid","the pooled 20-sub-watershed run (every model pools the sub-watersheds of its panel automatically -- v20.57: after the fragment rule); date it: TREATMENT_TIMING = 'fund' (your fund workbook, the v20.57 default) or fill treatment_year for the Phase-1 rows of data/sites/sites.csv ('registry'); every model uses it when it runs; rebuild P00 at PIXEL_OVERLAP_MIN 0.65 (links ~95 %), report POST_YEARS to 2024 as the main result and the full window as robustness -- or re-export [2025] with the earlier processing",identified on this panel,POST_YEARS = 3 (post period 2022-2024; [2025] carry a different treated population / index level); BALANCED_PIXELS = True in M02 (or C.common_pixel_mask) when the window includes [2025],
M17,Global Moran's I,limited,complete,,"C1, C2, C3","C1: other sub-watersheds (treated areas); C2: the Phase-1 implementation year (blank in data/sites/sites.csv); C3: one export for every year, on one pixel grid","the pooled 20-sub-watershed run (every model pools the sub-watersheds of its panel automatically -- v20.57: after the fragment rule); date it: TREATMENT_TIMING = 'fund' (your fund workbook, the v20.57 default) or fill treatment_year for the Phase-1 rows of data/sites/sites.csv ('registry'); every model uses it when it runs; rebuild P00 at PIXEL_OVERLAP_MIN 0.65 (links ~95 %), report POST_YEARS to 2024 as the main result and the full window as robustness -- or re-export [2025] with the earlier processing",identified on this panel,POST_YEARS = 3 (post period 2022-2024; [2025] carry a different treated population / index level); BALANCED_PIXELS = True in M02 (or C.common_pixel_mask) when the window includes [2025],
M18,Local Moran / LISA,limited,complete,,"C1, C2, C3","C1: other sub-watersheds (treated areas); C2: the Phase-1 implementation year (blank in data/sites/sites.csv); C3: one export for every year, on one pixel grid","the pooled 20-sub-watershed run (every model pools the sub-watersheds of its panel automatically -- v20.57: after the fragment rule); date it: TREATMENT_TIMING = 'fund' (your fund workbook, the v20.57 default) or fill treatment_year for the Phase-1 rows of data/sites/sites.csv ('registry'); every model uses it when it runs; rebuild P00 at PIXEL_OVERLAP_MIN 0.65 (links ~95 %), report POST_YEARS to 2024 as the main result and the full window as robustness -- or re-export [2025] with the earlier processing",identified on this panel,POST_YEARS = 3 (post period 2022-2024; [2025] carry a different treated population / index level); BALANCED_PIXELS = True in M02 (or C.common_pixel_mask) when the window includes [2025],
M19,Variance decomposition ICC,limited,complete,,"C1, C2, C3","C1: other sub-watersheds (treated areas); C2: the Phase-1 implementation year (blank in data/sites/sites.csv); C3: one export for every year, on one pixel grid","the pooled 20-sub-watershed run (every model pools the sub-watersheds of its panel automatically -- v20.57: after the fragment rule); date it: TREATMENT_TIMING = 'fund' (your fund workbook, the v20.57 default) or fill treatment_year for the Phase-1 rows of data/sites/sites.csv ('registry'); every model uses it when it runs; rebuild P00 at PIXEL_OVERLAP_MIN 0.65 (links ~95 %), report POST_YEARS to 2024 as the main result and the full window as robustness -- or re-export [2025] with the earlier processing",identified on this panel,POST_YEARS = 3 (post period 2022-2024; [2025] carry a different treated population / index level); BALANCED_PIXELS = True in M02 (or C.common_pixel_mask) when the window includes [2025],
M20,Spatial heterogeneity Q/I2,incomplete-need data,complete,"needs >= 2 sub-watersheds, each with its own DiD (heterogeneity ACROSS sub-watersheds); this panel holds 1 -- the pooled run","C1, C2, C3","needs >= 2 sub-watersheds, each with its own DiD (heterogeneity ACROSS sub-watersheds); this panel holds 1 -- the pooled run; C1: other sub-watersheds (treated areas); C2: the Phase-1 implementation year (blank in data/sites/sites.csv); C3: one export for every year, on one pixel grid","the pooled 20-sub-watershed run (every model pools the sub-watersheds of its panel automatically -- v20.57: after the fragment rule); date it: TREATMENT_TIMING = 'fund' (your fund workbook, the v20.57 default) or fill treatment_year for the Phase-1 rows of data/sites/sites.csv ('registry'); every model uses it when it runs; rebuild P00 at PIXEL_OVERLAP_MIN 0.65 (links ~95 %), report POST_YEARS to 2024 as the main result and the full window as robustness -- or re-export [2025] with the earlier processing","needs >= 2 sub-watersheds, each with its own DiD (heterogeneity ACROSS sub-watersheds); this panel holds 1 -- the pooled run",,
M21,Season-to-annual aggregation,limited,complete,,"C1, C2, C3","C1: other sub-watersheds (treated areas); C2: the Phase-1 implementation year (blank in data/sites/sites.csv); C3: one export for every year, on one pixel grid","the pooled 20-sub-watershed run (every model pools the sub-watersheds of its panel automatically -- v20.57: after the fragment rule); date it: TREATMENT_TIMING = 'fund' (your fund workbook, the v20.57 default) or fill treatment_year for the Phase-1 rows of data/sites/sites.csv ('registry'); every model uses it when it runs; rebuild P00 at PIXEL_OVERLAP_MIN 0.65 (links ~95 %), report POST_YEARS to 2024 as the main result and the full window as robustness -- or re-export [2025] with the earlier processing",identified on this panel,POST_YEARS = 3 (post period 2022-2024; [2025] carry a different treated population / index level); BALANCED_PIXELS = True in M02 (or C.common_pixel_mask) when the window includes [2025],
M22,Goodman-Bacon,limited,complete,needs >=2 treatment cohorts; treated pixels form 1 cohort,"C1, C2, C3","needs >=2 treatment cohorts; treated pixels form 1 cohort; C1: other sub-watersheds (treated areas); C2: the Phase-1 implementation year (blank in data/sites/sites.csv); C3: one export for every year, on one pixel grid","the pooled 20-sub-watershed run with Phase-1 years filled (two cohorts); the pooled 20-sub-watershed run (every model pools the sub-watersheds of its panel automatically -- v20.57: after the fragment rule); date it: TREATMENT_TIMING = 'fund' (your fund workbook, the v20.57 default) or fill treatment_year for the Phase-1 rows of data/sites/sites.csv ('registry'); every model uses it when it runs; rebuild P00 at PIXEL_OVERLAP_MIN 0.65 (links ~95 %), report POST_YEARS to 2024 as the main result and the full window as robustness -- or re-export [2025] with the earlier processing",needs >=2 treatment cohorts; treated pixels form 1 cohort,,
M23,Wild-cluster bootstrap,limited,complete,,"C1, C2, C3","C1: other sub-watersheds (treated areas); C2: the Phase-1 implementation year (blank in data/sites/sites.csv); C3: one export for every year, on one pixel grid","the pooled 20-sub-watershed run (every model pools the sub-watersheds of its panel automatically -- v20.57: after the fragment rule); date it: TREATMENT_TIMING = 'fund' (your fund workbook, the v20.57 default) or fill treatment_year for the Phase-1 rows of data/sites/sites.csv ('registry'); every model uses it when it runs; rebuild P00 at PIXEL_OVERLAP_MIN 0.65 (links ~95 %), report POST_YEARS to 2024 as the main result and the full window as robustness -- or re-export [2025] with the earlier processing",identified on this panel,POST_YEARS = 3 (post period 2022-2024; [2025] carry a different treated population / index level); BALANCED_PIXELS = True in M02 (or C.common_pixel_mask) when the window includes [2025],report p_wild / permutation p instead of t-stats (8 clusters)
M24,Spillover ring gradient,limited,complete,,"C1, C2, C3","C1: other sub-watersheds (treated areas); C2: the Phase-1 implementation year (blank in data/sites/sites.csv); C3: one export for every year, on one pixel grid","the pooled 20-sub-watershed run (every model pools the sub-watersheds of its panel automatically -- v20.57: after the fragment rule); date it: TREATMENT_TIMING = 'fund' (your fund workbook, the v20.57 default) or fill treatment_year for the Phase-1 rows of data/sites/sites.csv ('registry'); every model uses it when it runs; rebuild P00 at PIXEL_OVERLAP_MIN 0.65 (links ~95 %), report POST_YEARS to 2024 as the main result and the full window as robustness -- or re-export [2025] with the earlier processing",identified on this panel,POST_YEARS = 3 (post period 2022-2024; [2025] carry a different treated population / index level); BALANCED_PIXELS = True in M02 (or C.common_pixel_mask) when the window includes [2025],
M25,Permutation inference,limited,complete,,"C1, C2, C3","C1: other sub-watersheds (treated areas); C2: the Phase-1 implementation year (blank in data/sites/sites.csv); C3: one export for every year, on one pixel grid","the pooled 20-sub-watershed run (every model pools the sub-watersheds of its panel automatically -- v20.57: after the fragment rule); date it: TREATMENT_TIMING = 'fund' (your fund workbook, the v20.57 default) or fill treatment_year for the Phase-1 rows of data/sites/sites.csv ('registry'); every model uses it when it runs; rebuild P00 at PIXEL_OVERLAP_MIN 0.65 (links ~95 %), report POST_YEARS to 2024 as the main result and the full window as robustness -- or re-export [2025] with the earlier processing",identified on this panel,POST_YEARS = 3 (post period 2022-2024; [2025] carry a different treated population / index level); BALANCED_PIXELS = True in M02 (or C.common_pixel_mask) when the window includes [2025],report p_wild / permutation p instead of t-stats (8 clusters)
M26,Treatment x covariate,limited,complete,,"C1, C2, C3","C1: other sub-watersheds (treated areas); C2: the Phase-1 implementation year (blank in data/sites/sites.csv); C3: one export for every year, on one pixel grid","the pooled 20-sub-watershed run (every model pools the sub-watersheds of its panel automatically -- v20.57: after the fragment rule); date it: TREATMENT_TIMING = 'fund' (your fund workbook, the v20.57 default) or fill treatment_year for the Phase-1 rows of data/sites/sites.csv ('registry'); every model uses it when it runs; rebuild P00 at PIXEL_OVERLAP_MIN 0.65 (links ~95 %), report POST_YEARS to 2024 as the main result and the full window as robustness -- or re-export [2025] with the earlier processing",identified on this panel,POST_YEARS = 3 (post period 2022-2024; [2025] carry a different treated population / index level); BALANCED_PIXELS = True in M02 (or C.common_pixel_mask) when the window includes [2025],
M27,BJS imputation,limited,limited,,"C1, C2, C3, C5","C1: other sub-watersheds (treated areas); C2: the Phase-1 implementation year (blank in data/sites/sites.csv); C3: one export for every year, on one pixel grid; C5: releases from implementation (2022) to the file's start (Oct 2024 (file covers 2024-10 .. 2026-07))","the pooled 20-sub-watershed run (every model pools the sub-watersheds of its panel automatically -- v20.57: after the fragment rule); date it: TREATMENT_TIMING = 'fund' (your fund workbook, the v20.57 default) or fill treatment_year for the Phase-1 rows of data/sites/sites.csv ('registry'); every model uses it when it runs; rebuild P00 at PIXEL_OVERLAP_MIN 0.65 (links ~95 %), report POST_YEARS to 2024 as the main result and the full window as robustness -- or re-export [2025] with the earlier processing; a fund file from the programme start",identified on this panel,POST_YEARS = 3 (post period 2022-2024; [2025] carry a different treated population / index level); BALANCED_PIXELS = True in M02 (or C.common_pixel_mask) when the window includes [2025],
M28,Gardner two-stage,limited,complete,,"C1, C2, C3","C1: other sub-watersheds (treated areas); C2: the Phase-1 implementation year (blank in data/sites/sites.csv); C3: one export for every year, on one pixel grid","the pooled 20-sub-watershed run (every model pools the sub-watersheds of its panel automatically -- v20.57: after the fragment rule); date it: TREATMENT_TIMING = 'fund' (your fund workbook, the v20.57 default) or fill treatment_year for the Phase-1 rows of data/sites/sites.csv ('registry'); every model uses it when it runs; rebuild P00 at PIXEL_OVERLAP_MIN 0.65 (links ~95 %), report POST_YEARS to 2024 as the main result and the full window as robustness -- or re-export [2025] with the earlier processing",identified on this panel,POST_YEARS = 3 (post period 2022-2024; [2025] carry a different treated population / index level); BALANCED_PIXELS = True in M02 (or C.common_pixel_mask) when the window includes [2025],
M29,Exposure duration,limited,complete,,"C1, C2, C3","C1: other sub-watersheds (treated areas); C2: the Phase-1 implementation year (blank in data/sites/sites.csv); C3: one export for every year, on one pixel grid","the pooled 20-sub-watershed run (every model pools the sub-watersheds of its panel automatically -- v20.57: after the fragment rule); date it: TREATMENT_TIMING = 'fund' (your fund workbook, the v20.57 default) or fill treatment_year for the Phase-1 rows of data/sites/sites.csv ('registry'); every model uses it when it runs; rebuild P00 at PIXEL_OVERLAP_MIN 0.65 (links ~95 %), report POST_YEARS to 2024 as the main result and the full window as robustness -- or re-export [2025] with the earlier processing",identified on this panel,POST_YEARS = 3 (post period 2022-2024; [2025] carry a different treated population / index level); BALANCED_PIXELS = True in M02 (or C.common_pixel_mask) when the window includes [2025],
M30,Cohort heterogeneity,incomplete-need data,limited,needs >=2 treatment cohorts; treated pixels form 1 cohort (single site) -- collapses to the 2x2 design M01 already gives,"C1, C2, C3, C5","needs >=2 treatment cohorts; treated pixels form 1 cohort (single site) -- collapses to the 2x2 design M01 already gives; C1: other sub-watersheds (treated areas); C2: the Phase-1 implementation year (blank in data/sites/sites.csv); C3: one export for every year, on one pixel grid; C5: releases from implementation (2022) to the file's start (Oct 2024 (file covers 2024-10 .. 2026-07))","the pooled 20-sub-watershed run with Phase-1 years filled (two cohorts); the pooled 20-sub-watershed run (every model pools the sub-watersheds of its panel automatically -- v20.57: after the fragment rule); date it: TREATMENT_TIMING = 'fund' (your fund workbook, the v20.57 default) or fill treatment_year for the Phase-1 rows of data/sites/sites.csv ('registry'); every model uses it when it runs; rebuild P00 at PIXEL_OVERLAP_MIN 0.65 (links ~95 %), report POST_YEARS to 2024 as the main result and the full window as robustness -- or re-export [2025] with the earlier processing; a fund file from the programme start",needs >=2 treatment cohorts; treated pixels form 1 cohort (single site) -- collapses to the 2x2 design M01 already gives,,
M31,Stacked DiD,incomplete-need data,complete,needs >=2 treatment cohorts; treated pixels form 1 cohort (single site) -- collapses to the 2x2 design M01 already gives,"C1, C2, C3","needs >=2 treatment cohorts; treated pixels form 1 cohort (single site) -- collapses to the 2x2 design M01 already gives; C1: other sub-watersheds (treated areas); C2: the Phase-1 implementation year (blank in data/sites/sites.csv); C3: one export for every year, on one pixel grid","the pooled 20-sub-watershed run with Phase-1 years filled (two cohorts); the pooled 20-sub-watershed run (every model pools the sub-watersheds of its panel automatically -- v20.57: after the fragment rule); date it: TREATMENT_TIMING = 'fund' (your fund workbook, the v20.57 default) or fill treatment_year for the Phase-1 rows of data/sites/sites.csv ('registry'); every model uses it when it runs; rebuild P00 at PIXEL_OVERLAP_MIN 0.65 (links ~95 %), report POST_YEARS to 2024 as the main result and the full window as robustness -- or re-export [2025] with the earlier processing",needs >=2 treatment cohorts; treated pixels form 1 cohort (single site) -- collapses to the 2x2 design M01 already gives,,
M32,Extended TWFE,limited,complete,,"C1, C2, C3","C1: other sub-watersheds (treated areas); C2: the Phase-1 implementation year (blank in data/sites/sites.csv); C3: one export for every year, on one pixel grid","the pooled 20-sub-watershed run (every model pools the sub-watersheds of its panel automatically -- v20.57: after the fragment rule); date it: TREATMENT_TIMING = 'fund' (your fund workbook, the v20.57 default) or fill treatment_year for the Phase-1 rows of data/sites/sites.csv ('registry'); every model uses it when it runs; rebuild P00 at PIXEL_OVERLAP_MIN 0.65 (links ~95 %), report POST_YEARS to 2024 as the main result and the full window as robustness -- or re-export [2025] with the earlier processing",identified on this panel,POST_YEARS = 3 (post period 2022-2024; [2025] carry a different treated population / index level); BALANCED_PIXELS = True in M02 (or C.common_pixel_mask) when the window includes [2025],
M33,Entropy balancing,limited,complete,,"C1, C2, C3","C1: other sub-watersheds (treated areas); C2: the Phase-1 implementation year (blank in data/sites/sites.csv); C3: one export for every year, on one pixel grid","the pooled 20-sub-watershed run (every model pools the sub-watersheds of its panel automatically -- v20.57: after the fragment rule); date it: TREATMENT_TIMING = 'fund' (your fund workbook, the v20.57 default) or fill treatment_year for the Phase-1 rows of data/sites/sites.csv ('registry'); every model uses it when it runs; rebuild P00 at PIXEL_OVERLAP_MIN 0.65 (links ~95 %), report POST_YEARS to 2024 as the main result and the full window as robustness -- or re-export [2025] with the earlier processing",identified on this panel,POST_YEARS = 3 (post period 2022-2024; [2025] carry a different treated population / index level); BALANCED_PIXELS = True in M02 (or C.common_pixel_mask) when the window includes [2025],
M34,HonestDiD sensitivity,limited,complete,,"C1, C2, C3","C1: other sub-watersheds (treated areas); C2: the Phase-1 implementation year (blank in data/sites/sites.csv); C3: one export for every year, on one pixel grid","the pooled 20-sub-watershed run (every model pools the sub-watersheds of its panel automatically -- v20.57: after the fragment rule); date it: TREATMENT_TIMING = 'fund' (your fund workbook, the v20.57 default) or fill treatment_year for the Phase-1 rows of data/sites/sites.csv ('registry'); every model uses it when it runs; rebuild P00 at PIXEL_OVERLAP_MIN 0.65 (links ~95 %), report POST_YEARS to 2024 as the main result and the full window as robustness -- or re-export [2025] with the earlier processing",identified on this panel,POST_YEARS = 3 (post period 2022-2024; [2025] carry a different treated population / index level); BALANCED_PIXELS = True in M02 (or C.common_pixel_mask) when the window includes [2025],
M35,Quantile DiD,limited,complete,,"C1, C2, C3","C1: other sub-watersheds (treated areas); C2: the Phase-1 implementation year (blank in data/sites/sites.csv); C3: one export for every year, on one pixel grid","the pooled 20-sub-watershed run (every model pools the sub-watersheds of its panel automatically -- v20.57: after the fragment rule); date it: TREATMENT_TIMING = 'fund' (your fund workbook, the v20.57 default) or fill treatment_year for the Phase-1 rows of data/sites/sites.csv ('registry'); every model uses it when it runs; rebuild P00 at PIXEL_OVERLAP_MIN 0.65 (links ~95 %), report POST_YEARS to 2024 as the main result and the full window as robustness -- or re-export [2025] with the earlier processing",identified on this panel,POST_YEARS = 3 (post period 2022-2024; [2025] carry a different treated population / index level); BALANCED_PIXELS = True in M02 (or C.common_pixel_mask) when the window includes [2025],
M36,Interactive FE (Bai),limited,complete,,"C1, C2, C3","C1: other sub-watersheds (treated areas); C2: the Phase-1 implementation year (blank in data/sites/sites.csv); C3: one export for every year, on one pixel grid","the pooled 20-sub-watershed run (every model pools the sub-watersheds of its panel automatically -- v20.57: after the fragment rule); date it: TREATMENT_TIMING = 'fund' (your fund workbook, the v20.57 default) or fill treatment_year for the Phase-1 rows of data/sites/sites.csv ('registry'); every model uses it when it runs; rebuild P00 at PIXEL_OVERLAP_MIN 0.65 (links ~95 %), report POST_YEARS to 2024 as the main result and the full window as robustness -- or re-export [2025] with the earlier processing",identified on this panel,POST_YEARS = 3 (post period 2022-2024; [2025] carry a different treated population / index level); BALANCED_PIXELS = True in M02 (or C.common_pixel_mask) when the window includes [2025],
M37,Matrix completion,limited,complete,,"C1, C2, C3","C1: other sub-watersheds (treated areas); C2: the Phase-1 implementation year (blank in data/sites/sites.csv); C3: one export for every year, on one pixel grid","the pooled 20-sub-watershed run (every model pools the sub-watersheds of its panel automatically -- v20.57: after the fragment rule); date it: TREATMENT_TIMING = 'fund' (your fund workbook, the v20.57 default) or fill treatment_year for the Phase-1 rows of data/sites/sites.csv ('registry'); every model uses it when it runs; rebuild P00 at PIXEL_OVERLAP_MIN 0.65 (links ~95 %), report POST_YEARS to 2024 as the main result and the full window as robustness -- or re-export [2025] with the earlier processing",identified on this panel,POST_YEARS = 3 (post period 2022-2024; [2025] carry a different treated population / index level); BALANCED_PIXELS = True in M02 (or C.common_pixel_mask) when the window includes [2025],
M38,Generalised synthetic control,limited,complete,,"C1, C2, C3","C1: other sub-watersheds (treated areas); C2: the Phase-1 implementation year (blank in data/sites/sites.csv); C3: one export for every year, on one pixel grid","the pooled 20-sub-watershed run (every model pools the sub-watersheds of its panel automatically -- v20.57: after the fragment rule); date it: TREATMENT_TIMING = 'fund' (your fund workbook, the v20.57 default) or fill treatment_year for the Phase-1 rows of data/sites/sites.csv ('registry'); every model uses it when it runs; rebuild P00 at PIXEL_OVERLAP_MIN 0.65 (links ~95 %), report POST_YEARS to 2024 as the main result and the full window as robustness -- or re-export [2025] with the earlier processing",identified on this panel,POST_YEARS = 3 (post period 2022-2024; [2025] carry a different treated population / index level); BALANCED_PIXELS = True in M02 (or C.common_pixel_mask) when the window includes [2025],
M39,ML CATE (forest),limited,complete,,"C1, C2, C3","C1: other sub-watersheds (treated areas); C2: the Phase-1 implementation year (blank in data/sites/sites.csv); C3: one export for every year, on one pixel grid","the pooled 20-sub-watershed run (every model pools the sub-watersheds of its panel automatically -- v20.57: after the fragment rule); date it: TREATMENT_TIMING = 'fund' (your fund workbook, the v20.57 default) or fill treatment_year for the Phase-1 rows of data/sites/sites.csv ('registry'); every model uses it when it runs; rebuild P00 at PIXEL_OVERLAP_MIN 0.65 (links ~95 %), report POST_YEARS to 2024 as the main result and the full window as robustness -- or re-export [2025] with the earlier processing",identified on this panel,POST_YEARS = 3 (post period 2022-2024; [2025] carry a different treated population / index level); BALANCED_PIXELS = True in M02 (or C.common_pixel_mask) when the window includes [2025],
M40,Double ML,limited,complete,,"C1, C2, C3","C1: other sub-watersheds (treated areas); C2: the Phase-1 implementation year (blank in data/sites/sites.csv); C3: one export for every year, on one pixel grid","the pooled 20-sub-watershed run (every model pools the sub-watersheds of its panel automatically -- v20.57: after the fragment rule); date it: TREATMENT_TIMING = 'fund' (your fund workbook, the v20.57 default) or fill treatment_year for the Phase-1 rows of data/sites/sites.csv ('registry'); every model uses it when it runs; rebuild P00 at PIXEL_OVERLAP_MIN 0.65 (links ~95 %), report POST_YEARS to 2024 as the main result and the full window as robustness -- or re-export [2025] with the earlier processing",identified on this panel,POST_YEARS = 3 (post period 2022-2024; [2025] carry a different treated population / index level); BALANCED_PIXELS = True in M02 (or C.common_pixel_mask) when the window includes [2025],
M41,Meta-learners,limited,complete,,"C1, C2, C3","C1: other sub-watersheds (treated areas); C2: the Phase-1 implementation year (blank in data/sites/sites.csv); C3: one export for every year, on one pixel grid","the pooled 20-sub-watershed run (every model pools the sub-watersheds of its panel automatically -- v20.57: after the fragment rule); date it: TREATMENT_TIMING = 'fund' (your fund workbook, the v20.57 default) or fill treatment_year for the Phase-1 rows of data/sites/sites.csv ('registry'); every model uses it when it runs; rebuild P00 at PIXEL_OVERLAP_MIN 0.65 (links ~95 %), report POST_YEARS to 2024 as the main result and the full window as robustness -- or re-export [2025] with the earlier processing",identified on this panel,POST_YEARS = 3 (post period 2022-2024; [2025] carry a different treated population / index level); BALANCED_PIXELS = True in M02 (or C.common_pixel_mask) when the window includes [2025],
M42,DR-learner,limited,complete,,"C1, C2, C3","C1: other sub-watersheds (treated areas); C2: the Phase-1 implementation year (blank in data/sites/sites.csv); C3: one export for every year, on one pixel grid","the pooled 20-sub-watershed run (every model pools the sub-watersheds of its panel automatically -- v20.57: after the fragment rule); date it: TREATMENT_TIMING = 'fund' (your fund workbook, the v20.57 default) or fill treatment_year for the Phase-1 rows of data/sites/sites.csv ('registry'); every model uses it when it runs; rebuild P00 at PIXEL_OVERLAP_MIN 0.65 (links ~95 %), report POST_YEARS to 2024 as the main result and the full window as robustness -- or re-export [2025] with the earlier processing",identified on this panel,POST_YEARS = 3 (post period 2022-2024; [2025] carry a different treated population / index level); BALANCED_PIXELS = True in M02 (or C.common_pixel_mask) when the window includes [2025],
M43,Honest causal forest,limited,complete,,"C1, C2, C3","C1: other sub-watersheds (treated areas); C2: the Phase-1 implementation year (blank in data/sites/sites.csv); C3: one export for every year, on one pixel grid","the pooled 20-sub-watershed run (every model pools the sub-watersheds of its panel automatically -- v20.57: after the fragment rule); date it: TREATMENT_TIMING = 'fund' (your fund workbook, the v20.57 default) or fill treatment_year for the Phase-1 rows of data/sites/sites.csv ('registry'); every model uses it when it runs; rebuild P00 at PIXEL_OVERLAP_MIN 0.65 (links ~95 %), report POST_YEARS to 2024 as the main result and the full window as robustness -- or re-export [2025] with the earlier processing",identified on this panel,POST_YEARS = 3 (post period 2022-2024; [2025] carry a different treated population / index level); BALANCED_PIXELS = True in M02 (or C.common_pixel_mask) when the window includes [2025],
M44,BART-style,limited,complete,,"C1, C2, C3","C1: other sub-watersheds (treated areas); C2: the Phase-1 implementation year (blank in data/sites/sites.csv); C3: one export for every year, on one pixel grid","the pooled 20-sub-watershed run (every model pools the sub-watersheds of its panel automatically -- v20.57: after the fragment rule); date it: TREATMENT_TIMING = 'fund' (your fund workbook, the v20.57 default) or fill treatment_year for the Phase-1 rows of data/sites/sites.csv ('registry'); every model uses it when it runs; rebuild P00 at PIXEL_OVERLAP_MIN 0.65 (links ~95 %), report POST_YEARS to 2024 as the main result and the full window as robustness -- or re-export [2025] with the earlier processing",identified on this panel,POST_YEARS = 3 (post period 2022-2024; [2025] carry a different treated population / index level); BALANCED_PIXELS = True in M02 (or C.common_pixel_mask) when the window includes [2025],
M45,ML synthetic control,limited,complete,,"C1, C2, C3","C1: other sub-watersheds (treated areas); C2: the Phase-1 implementation year (blank in data/sites/sites.csv); C3: one export for every year, on one pixel grid","the pooled 20-sub-watershed run (every model pools the sub-watersheds of its panel automatically -- v20.57: after the fragment rule); date it: TREATMENT_TIMING = 'fund' (your fund workbook, the v20.57 default) or fill treatment_year for the Phase-1 rows of data/sites/sites.csv ('registry'); every model uses it when it runs; rebuild P00 at PIXEL_OVERLAP_MIN 0.65 (links ~95 %), report POST_YEARS to 2024 as the main result and the full window as robustness -- or re-export [2025] with the earlier processing",identified on this panel,POST_YEARS = 3 (post period 2022-2024; [2025] carry a different treated population / index level); BALANCED_PIXELS = True in M02 (or C.common_pixel_mask) when the window includes [2025],
