district,Year,Season,season_name,crop,n_plots,sowing_p10,sowing_median,sowing_p90,sowing_month_mode,share_sown_in_core_months,share_sown_in_edge_months,duration_class_share_short,duration_class_share_medium,duration_class_share_long,export_window_months,export_core_months,recommendation,duration_days_FILL_IN,peak_canopy_rule
Bidar,2025,1,Kharif,pigeon_pea,41,2025-09-03,2025-09-11,2025-09-26,9,0.0,1.0,0.0,1.0,0.0,"[6, 7, 8, 9]","[7, 8]","sown in 9 = late in the Kharif window ([6, 7, 8, 9]): only 0 month(s) of growth remain inside the window -> the crop's peak canopy lands in the NEXT season's composite; interpret Kharif indices as early-growth signal",,peak_start = sowing_median + 0.45*duration_days; peak_end = sowing_median + 0.70*duration_days (survey records only Short/Medium/Long; fill days per crop from the package of practices)
Bidar,2025,2,Rabi,pigeon_pea,264,2025-10-01,2025-10-01,2025-10-02,10,0.01,0.99,0.0,1.0,0.0,"[10, 11, 12, 1, 2]","[11, 12, 1]","sown in the first window month 10: core months [11, 12, 1] capture mid/late growth; peak canopy likely in the last window month(s) -> consider adding month 2 to the core for this district (CORE_MONTHS_OVERRIDE)",,peak_start = sowing_median + 0.45*duration_days; peak_end = sowing_median + 0.70*duration_days (survey records only Short/Medium/Long; fill days per crop from the package of practices)
Bidar,2025,2,Rabi,safflower,27,2025-10-01,2025-10-01,2025-10-04,10,0.0,1.0,0.0,1.0,0.0,"[10, 11, 12, 1, 2]","[11, 12, 1]","sown in the first window month 10: core months [11, 12, 1] capture mid/late growth; peak canopy likely in the last window month(s) -> consider adding month 2 to the core for this district (CORE_MONTHS_OVERRIDE)",,peak_start = sowing_median + 0.45*duration_days; peak_end = sowing_median + 0.70*duration_days (survey records only Short/Medium/Long; fill days per crop from the package of practices)
Bidar,2025,2,Rabi,sorghum,12,2025-10-01,2025-10-01,2025-10-08,10,0.0,1.0,0.0,1.0,0.0,"[10, 11, 12, 1, 2]","[11, 12, 1]","sown in the first window month 10: core months [11, 12, 1] capture mid/late growth; peak canopy likely in the last window month(s) -> consider adding month 2 to the core for this district (CORE_MONTHS_OVERRIDE)",,peak_start = sowing_median + 0.45*duration_days; peak_end = sowing_median + 0.70*duration_days (survey records only Short/Medium/Long; fill days per crop from the package of practices)
Bidar,2025,2,Rabi,soybean,10,2025-10-01,2025-10-02,2025-10-09,10,0.0,1.0,0.0,1.0,0.0,"[10, 11, 12, 1, 2]","[11, 12, 1]","sown in the first window month 10: core months [11, 12, 1] capture mid/late growth; peak canopy likely in the last window month(s) -> consider adding month 2 to the core for this district (CORE_MONTHS_OVERRIDE)",,peak_start = sowing_median + 0.45*duration_days; peak_end = sowing_median + 0.70*duration_days (survey records only Short/Medium/Long; fill days per crop from the package of practices)
Chamarajanagar,2025,1,Kharif,horse_gram,162,2025-09-02,2025-09-12,2025-09-26,9,0.07,0.93,0.05,0.94,0.0,"[6, 7, 8, 9]","[7, 8]","sown in 9 = late in the Kharif window ([6, 7, 8, 9]): only 0 month(s) of growth remain inside the window -> the crop's peak canopy lands in the NEXT season's composite; interpret Kharif indices as early-growth signal",,peak_start = sowing_median + 0.45*duration_days; peak_end = sowing_median + 0.70*duration_days (survey records only Short/Medium/Long; fill days per crop from the package of practices)
Chamarajanagar,2025,1,Kharif,maize,152,2025-09-02,2025-09-11,2025-09-19,9,0.1,0.9,0.0,0.99,0.0,"[6, 7, 8, 9]","[7, 8]","sown in 9 = late in the Kharif window ([6, 7, 8, 9]): only 0 month(s) of growth remain inside the window -> the crop's peak canopy lands in the NEXT season's composite; interpret Kharif indices as early-growth signal",,peak_start = sowing_median + 0.45*duration_days; peak_end = sowing_median + 0.70*duration_days (survey records only Short/Medium/Long; fill days per crop from the package of practices)
Chamarajanagar,2025,1,Kharif,finger_millet,10,2025-08-31,2025-09-04,2025-09-18,9,0.1,0.9,0.0,1.0,0.0,"[6, 7, 8, 9]","[7, 8]","sown in 9 = late in the Kharif window ([6, 7, 8, 9]): only 0 month(s) of growth remain inside the window -> the crop's peak canopy lands in the NEXT season's composite; interpret Kharif indices as early-growth signal",,peak_start = sowing_median + 0.45*duration_days; peak_end = sowing_median + 0.70*duration_days (survey records only Short/Medium/Long; fill days per crop from the package of practices)
Chamarajanagar,2025,2,Rabi,maize,155,2025-10-01,2025-10-15,2025-11-13,10,0.26,0.74,0.0,0.99,0.01,"[10, 11, 12, 1, 2]","[11, 12, 1]","sown in the first window month 10: core months [11, 12, 1] capture mid/late growth; peak canopy likely in the last window month(s) -> consider adding month 2 to the core for this district (CORE_MONTHS_OVERRIDE)",,peak_start = sowing_median + 0.45*duration_days; peak_end = sowing_median + 0.70*duration_days (survey records only Short/Medium/Long; fill days per crop from the package of practices)
Chamarajanagar,2025,2,Rabi,horse_gram,120,2025-10-01,2025-10-09,2025-11-06,10,0.16,0.84,0.01,0.99,0.0,"[10, 11, 12, 1, 2]","[11, 12, 1]","sown in the first window month 10: core months [11, 12, 1] capture mid/late growth; peak canopy likely in the last window month(s) -> consider adding month 2 to the core for this district (CORE_MONTHS_OVERRIDE)",,peak_start = sowing_median + 0.45*duration_days; peak_end = sowing_median + 0.70*duration_days (survey records only Short/Medium/Long; fill days per crop from the package of practices)
Chitradurga,2025,1,Kharif,finger_millet,140,2025-08-01,2025-08-29,2025-09-10,8,0.69,0.31,0.0,0.99,0.01,"[6, 7, 8, 9]","[7, 8]",sowing inside/near the core months: export rule adequate,,peak_start = sowing_median + 0.45*duration_days; peak_end = sowing_median + 0.70*duration_days (survey records only Short/Medium/Long; fill days per crop from the package of practices)
Chitradurga,2025,1,Kharif,maize,25,2025-06-06,2025-06-19,2025-07-06,6,0.24,0.76,0.0,1.0,0.0,"[6, 7, 8, 9]","[7, 8]","sown in the first window month 6: core months [7, 8] capture mid/late growth; peak canopy likely in the last window month(s) -> consider adding month 9 to the core for this district (CORE_MONTHS_OVERRIDE)",,peak_start = sowing_median + 0.45*duration_days; peak_end = sowing_median + 0.70*duration_days (survey records only Short/Medium/Long; fill days per crop from the package of practices)
Chitradurga,2025,2,Rabi,finger_millet,17,2025-10-01,2025-10-15,2025-11-04,10,0.12,0.88,0.0,1.0,0.0,"[10, 11, 12, 1, 2]","[11, 12, 1]","sown in the first window month 10: core months [11, 12, 1] capture mid/late growth; peak canopy likely in the last window month(s) -> consider adding month 2 to the core for this district (CORE_MONTHS_OVERRIDE)",,peak_start = sowing_median + 0.45*duration_days; peak_end = sowing_median + 0.70*duration_days (survey records only Short/Medium/Long; fill days per crop from the package of practices)
Chitradurga,2025,2,Rabi,chickpea,10,2025-10-21,2025-11-01,2025-11-01,11,0.6,0.4,0.0,1.0,0.0,"[10, 11, 12, 1, 2]","[11, 12, 1]",sowing inside/near the core months: export rule adequate,,peak_start = sowing_median + 0.45*duration_days; peak_end = sowing_median + 0.70*duration_days (survey records only Short/Medium/Long; fill days per crop from the package of practices)
Gadag,2025,1,Kharif,green_gram,136,2025-06-06,2025-06-14,2025-07-08,6,0.14,0.86,0.0,0.97,0.01,"[6, 7, 8, 9]","[7, 8]","sown in the first window month 6: core months [7, 8] capture mid/late growth; peak canopy likely in the last window month(s) -> consider adding month 9 to the core for this district (CORE_MONTHS_OVERRIDE)",,peak_start = sowing_median + 0.45*duration_days; peak_end = sowing_median + 0.70*duration_days (survey records only Short/Medium/Long; fill days per crop from the package of practices)
Gadag,2025,1,Kharif,onion,57,2025-06-04,2025-06-12,2025-07-04,6,0.12,0.88,0.0,0.98,0.0,"[6, 7, 8, 9]","[7, 8]","sown in the first window month 6: core months [7, 8] capture mid/late growth; peak canopy likely in the last window month(s) -> consider adding month 9 to the core for this district (CORE_MONTHS_OVERRIDE)",,peak_start = sowing_median + 0.45*duration_days; peak_end = sowing_median + 0.70*duration_days (survey records only Short/Medium/Long; fill days per crop from the package of practices)
Gadag,2025,1,Kharif,chilli,39,2025-06-10,2025-06-12,2025-06-18,6,0.05,0.95,0.0,0.92,0.03,"[6, 7, 8, 9]","[7, 8]","sown in the first window month 6: core months [7, 8] capture mid/late growth; peak canopy likely in the last window month(s) -> consider adding month 9 to the core for this district (CORE_MONTHS_OVERRIDE)",,peak_start = sowing_median + 0.45*duration_days; peak_end = sowing_median + 0.70*duration_days (survey records only Short/Medium/Long; fill days per crop from the package of practices)
Gadag,2025,1,Kharif,maize,32,2025-06-10,2025-06-18,2025-06-25,6,0.06,0.94,0.0,0.97,0.03,"[6, 7, 8, 9]","[7, 8]","sown in the first window month 6: core months [7, 8] capture mid/late growth; peak canopy likely in the last window month(s) -> consider adding month 9 to the core for this district (CORE_MONTHS_OVERRIDE)",,peak_start = sowing_median + 0.45*duration_days; peak_end = sowing_median + 0.70*duration_days (survey records only Short/Medium/Long; fill days per crop from the package of practices)
Gadag,2025,2,Rabi,chickpea,22,2025-11-08,2025-11-13,2025-11-18,11,1.0,0.0,0.0,0.95,0.0,"[10, 11, 12, 1, 2]","[11, 12, 1]",sowing inside/near the core months: export rule adequate,,peak_start = sowing_median + 0.45*duration_days; peak_end = sowing_median + 0.70*duration_days (survey records only Short/Medium/Long; fill days per crop from the package of practices)
Koppal,2025,2,Rabi,pigeon_pea,40,2026-01-04,2026-01-14,2026-02-11,1,0.7,0.3,0.62,0.35,0.0,"[10, 11, 12, 1, 2]","[11, 12, 1]",sowing inside/near the core months: export rule adequate,,peak_start = sowing_median + 0.45*duration_days; peak_end = sowing_median + 0.70*duration_days (survey records only Short/Medium/Long; fill days per crop from the package of practices)
Koppal,2025,2,Rabi,maize,31,2025-12-02,2026-01-14,2026-02-10,1,0.81,0.19,0.74,0.23,0.0,"[10, 11, 12, 1, 2]","[11, 12, 1]",sowing inside/near the core months: export rule adequate,,peak_start = sowing_median + 0.45*duration_days; peak_end = sowing_median + 0.70*duration_days (survey records only Short/Medium/Long; fill days per crop from the package of practices)
Koppal,2025,2,Rabi,sorghum,17,2026-01-08,2026-01-15,2026-02-19,1,0.65,0.35,0.47,0.53,0.0,"[10, 11, 12, 1, 2]","[11, 12, 1]",sowing inside/near the core months: export rule adequate,,peak_start = sowing_median + 0.45*duration_days; peak_end = sowing_median + 0.70*duration_days (survey records only Short/Medium/Long; fill days per crop from the package of practices)
Koppal,2026,3,Zaid,pigeon_pea,97,2026-03-05,2026-03-06,2026-03-06,3,0.0,1.0,0.1,0.85,0.0,"[3, 4, 5]",[4],sown in the first window month 3: core months [4] capture mid/late growth; peak canopy likely in the last window month(s) -> consider adding month 5 to the core for this district (CORE_MONTHS_OVERRIDE),,peak_start = sowing_median + 0.45*duration_days; peak_end = sowing_median + 0.70*duration_days (survey records only Short/Medium/Long; fill days per crop from the package of practices)
Raichur,2025,1,Kharif,pigeon_pea,472,2025-06-01,2025-06-01,2025-06-01,6,0.0,1.0,0.0,0.99,0.0,"[6, 7, 8, 9]","[7, 8]","sown in the first window month 6: core months [7, 8] capture mid/late growth; peak canopy likely in the last window month(s) -> consider adding month 9 to the core for this district (CORE_MONTHS_OVERRIDE)",,peak_start = sowing_median + 0.45*duration_days; peak_end = sowing_median + 0.70*duration_days (survey records only Short/Medium/Long; fill days per crop from the package of practices)
Raichur,2025,1,Kharif,sunflower,85,2025-06-01,2025-06-01,2025-06-01,6,0.0,1.0,0.98,0.01,0.0,"[6, 7, 8, 9]","[7, 8]","sown in the first window month 6: core months [7, 8] capture mid/late growth; peak canopy likely in the last window month(s) -> consider adding month 9 to the core for this district (CORE_MONTHS_OVERRIDE)",,peak_start = sowing_median + 0.45*duration_days; peak_end = sowing_median + 0.70*duration_days (survey records only Short/Medium/Long; fill days per crop from the package of practices)
Raichur,2025,1,Kharif,cotton,57,2025-06-01,2025-06-01,2025-06-01,6,0.02,0.98,0.25,0.75,0.0,"[6, 7, 8, 9]","[7, 8]","sown in the first window month 6: core months [7, 8] capture mid/late growth; peak canopy likely in the last window month(s) -> consider adding month 9 to the core for this district (CORE_MONTHS_OVERRIDE)",,peak_start = sowing_median + 0.45*duration_days; peak_end = sowing_median + 0.70*duration_days (survey records only Short/Medium/Long; fill days per crop from the package of practices)
Raichur,2025,1,Kharif,pearl_millet,31,2025-06-01,2025-06-01,2025-06-01,6,0.03,0.97,0.94,0.06,0.0,"[6, 7, 8, 9]","[7, 8]","sown in the first window month 6: core months [7, 8] capture mid/late growth; peak canopy likely in the last window month(s) -> consider adding month 9 to the core for this district (CORE_MONTHS_OVERRIDE)",,peak_start = sowing_median + 0.45*duration_days; peak_end = sowing_median + 0.70*duration_days (survey records only Short/Medium/Long; fill days per crop from the package of practices)
Raichur,2025,1,Kharif,paddy,26,2025-06-01,2025-06-01,2025-06-01,6,0.08,0.92,0.73,0.27,0.0,"[6, 7, 8, 9]","[7, 8]","sown in the first window month 6: core months [7, 8] capture mid/late growth; peak canopy likely in the last window month(s) -> consider adding month 9 to the core for this district (CORE_MONTHS_OVERRIDE)",,peak_start = sowing_median + 0.45*duration_days; peak_end = sowing_median + 0.70*duration_days (survey records only Short/Medium/Long; fill days per crop from the package of practices)
Tumkur,2025,1,Kharif,finger_millet,825,2025-06-19,2025-07-16,2025-08-01,7,0.8,0.2,0.0,0.96,0.0,"[6, 7, 8, 9]","[7, 8]",sowing inside/near the core months: export rule adequate,,peak_start = sowing_median + 0.45*duration_days; peak_end = sowing_median + 0.70*duration_days (survey records only Short/Medium/Long; fill days per crop from the package of practices)
Tumkur,2025,1,Kharif,sorghum,153,2025-07-08,2025-08-08,2025-09-18,8,0.59,0.41,0.01,0.95,0.0,"[6, 7, 8, 9]","[7, 8]",sowing inside/near the core months: export rule adequate,,peak_start = sowing_median + 0.45*duration_days; peak_end = sowing_median + 0.70*duration_days (survey records only Short/Medium/Long; fill days per crop from the package of practices)
Tumkur,2025,1,Kharif,horse_gram,115,2025-07-09,2025-08-20,2025-09-18,8,0.6,0.4,0.0,0.95,0.0,"[6, 7, 8, 9]","[7, 8]",sowing inside/near the core months: export rule adequate,,peak_start = sowing_median + 0.45*duration_days; peak_end = sowing_median + 0.70*duration_days (survey records only Short/Medium/Long; fill days per crop from the package of practices)
