district,Season,n_plots,share_sown_in_core,share_sown_in_last_window_month,season_name
Bidar,1,59,0.0,1.0,Kharif
Bidar,2,324,0.03,0.0,Rabi
Chamarajanagar,1,330,0.09,0.91,Kharif
Chamarajanagar,2,293,0.25,0.0,Rabi
Chamarajanagar,3,1,0.0,1.0,Zaid
Chitradurga,1,168,0.61,0.26,Kharif
Chitradurga,2,30,0.27,0.0,Rabi
Chitradurga,3,1,0.0,0.0,Zaid
Gadag,1,279,0.12,0.0,Kharif
Gadag,2,43,0.88,0.0,Rabi
Gadag,3,1,0.0,1.0,Zaid
Koppal,1,2,1.0,0.0,Kharif
Koppal,2,94,0.73,0.23,Rabi
Koppal,3,125,0.0,0.0,Zaid
Raichur,1,695,0.01,0.0,Kharif
Raichur,2,7,0.14,0.0,Rabi
Tumkur,1,1113,0.75,0.08,Kharif
Tumkur,2,13,0.15,0.0,Rabi
Tumkur,3,4,0.25,0.75,Zaid
